# GCSE Year 11 study matrix - reference sheet, not for Anki import.
# One row per topic. Open in any spreadsheet app.
#
# columns: Subject, Exam board, Board verified, Spec code, Tier, Papers, Topic, Core sub-topics, Official past papers, Free revision resources, Basic cards, Cloze cards, Board note
"English Language","AQA","yes","8700","Single tier","Paper 1: Explorations in Creative Reading and Writing (1h45, 50%). Paper 2: Writers Viewpoints and Perspectives (1h45, 50%). Non-exam: Spoken Language endorsement.","Paper 1 Section A: Reading Fiction","Q1 (4 marks): list four things about a stated section only; Q2 (8 marks): language analysis - words, phrases, language features, sentence forms; Q3 (8 marks): structure analysis - openings, shifts of focus, endings, whole-text movement; Q4 (20 marks): evaluate to what extent you agree with a statement, using the second half of the source; Working with an unseen 20th or 21st century literary prose extract; Selecting short precise quotations rather than long copied chunks; Using subject terminology accurately (simile, semantic field, declarative, cyclical structure); Timing: 15 min reading, then roughly 5 / 10 / 10 / 20 minutes per question","https://www.aqa.org.uk/subjects/english/gcse/english-language-8700/assessment-resources","BBC Bitesize GCSE English Language (AQA): https://www.bbc.co.uk/bitesize/examspecs/zcbchv4 | Physics and Maths Tutor GCSE English revision: https://www.physicsandmathstutor.com/ | MME Revise free GCSE revision: https://mmerevise.co.uk/ | Seneca Learning free GCSE courses: https://senecalearning.com/","5","3","VERIFIED from the King Edward VI Five Ways published examination boards list, which names AQA for English and Cambridge OCR for English Literature. The two are different boards, so never use an AQA English Literature past paper for the Literature exam."
"English Language","AQA","yes","8700","Single tier","Paper 1: Explorations in Creative Reading and Writing (1h45, 50%). Paper 2: Writers Viewpoints and Perspectives (1h45, 50%). Non-exam: Spoken Language endorsement.","Paper 1 Section B: Descriptive and Narrative Writing","Choice of a picture prompt or a written prompt - answer one only; 24 marks for content and organisation, 16 marks for technical accuracy; Five-minute plan: five paragraphs, one image or idea each; Sensory imagery across sight, sound, touch, smell; Ambitious but controlled vocabulary - precision over showing off; Deliberate paragraph and sentence-length variation for effect; Strong openings (in medias res, single-sentence hook) and non-cliche endings; Proofreading for spelling, punctuation and tense consistency in the last three minutes","https://www.aqa.org.uk/subjects/english/gcse/english-language-8700/assessment-resources","BBC Bitesize GCSE English Language (AQA): https://www.bbc.co.uk/bitesize/examspecs/zcbchv4 | Physics and Maths Tutor GCSE English revision: https://www.physicsandmathstutor.com/ | MME Revise free GCSE revision: https://mmerevise.co.uk/ | Seneca Learning free GCSE courses: https://senecalearning.com/","4","2","VERIFIED from the King Edward VI Five Ways published examination boards list, which names AQA for English and Cambridge OCR for English Literature. The two are different boards, so never use an AQA English Literature past paper for the Literature exam."
"English Language","AQA","yes","8700","Single tier","Paper 1: Explorations in Creative Reading and Writing (1h45, 50%). Paper 2: Writers Viewpoints and Perspectives (1h45, 50%). Non-exam: Spoken Language endorsement.","Paper 2 Section A: Reading Non-Fiction","Two linked non-fiction sources, usually one 19th century and one modern; Q1 (4 marks): shade the four true statements about a stated section; Q2 (8 marks): summarise the differences or similarities between the two sources, using inference; Q3 (12 marks): analyse how the writer of one source uses language to achieve a purpose; Q4 (16 marks): compare how the two writers convey their different attitudes, including methods; Reading unfamiliar 19th-century vocabulary and syntax for gist; Making inferences rather than paraphrasing; Comparative discourse markers: whereas, by contrast, similarly","https://www.aqa.org.uk/subjects/english/gcse/english-language-8700/assessment-resources","BBC Bitesize GCSE English Language (AQA): https://www.bbc.co.uk/bitesize/examspecs/zcbchv4 | Physics and Maths Tutor GCSE English revision: https://www.physicsandmathstutor.com/ | MME Revise free GCSE revision: https://mmerevise.co.uk/ | Seneca Learning free GCSE courses: https://senecalearning.com/","4","2","VERIFIED from the King Edward VI Five Ways published examination boards list, which names AQA for English and Cambridge OCR for English Literature. The two are different boards, so never use an AQA English Literature past paper for the Literature exam."
"English Language","AQA","yes","8700","Single tier","Paper 1: Explorations in Creative Reading and Writing (1h45, 50%). Paper 2: Writers Viewpoints and Perspectives (1h45, 50%). Non-exam: Spoken Language endorsement.","Paper 2 Section B: Writing to Present a Viewpoint","Identifying form, audience and purpose from the question stem; Forms: letter, article, speech, essay, text for a leaflet or website; Conventions of each form (salutation and sign-off, headline and subheadings, direct address); Rhetorical toolkit: DAFOREST - direct address, anecdote, facts, opinion, rhetorical question, emotive language, statistics, triples; Building a clear line of argument across paragraphs; Acknowledging and dismantling a counter-argument; Discourse markers for cohesion and a strong final call to action; 24 marks content and organisation, 16 marks technical accuracy","https://www.aqa.org.uk/subjects/english/gcse/english-language-8700/assessment-resources","BBC Bitesize GCSE English Language (AQA): https://www.bbc.co.uk/bitesize/examspecs/zcbchv4 | Physics and Maths Tutor GCSE English revision: https://www.physicsandmathstutor.com/ | MME Revise free GCSE revision: https://mmerevise.co.uk/ | Seneca Learning free GCSE courses: https://senecalearning.com/","4","2","VERIFIED from the King Edward VI Five Ways published examination boards list, which names AQA for English and Cambridge OCR for English Literature. The two are different boards, so never use an AQA English Literature past paper for the Literature exam."
"English Language","AQA","yes","8700","Single tier","Paper 1: Explorations in Creative Reading and Writing (1h45, 50%). Paper 2: Writers Viewpoints and Perspectives (1h45, 50%). Non-exam: Spoken Language endorsement.","Spoken Language Endorsement","Separately reported endorsement - does not count towards the 9-1 grade; Presenting on a chosen topic to an audience; Using Standard English appropriately; Listening and responding to questions and feedback; Graded Pass, Merit, Distinction or Not Classified; Independent candidates must arrange this through their exam centre","https://www.aqa.org.uk/subjects/english/gcse/english-language-8700/assessment-resources","BBC Bitesize GCSE English Language (AQA): https://www.bbc.co.uk/bitesize/examspecs/zcbchv4 | Physics and Maths Tutor GCSE English revision: https://www.physicsandmathstutor.com/ | MME Revise free GCSE revision: https://mmerevise.co.uk/ | Seneca Learning free GCSE courses: https://senecalearning.com/","2","1","VERIFIED from the King Edward VI Five Ways published examination boards list, which names AQA for English and Cambridge OCR for English Literature. The two are different boards, so never use an AQA English Literature past paper for the Literature exam."
"English Language","AQA","yes","8700","Single tier","Paper 1: Explorations in Creative Reading and Writing (1h45, 50%). Paper 2: Writers Viewpoints and Perspectives (1h45, 50%). Non-exam: Spoken Language endorsement.","Technical Accuracy Toolkit","Sentence variety: simple, compound, complex, minor sentences; Full range of punctuation: semicolon, colon, dash, brackets, ellipsis; Apostrophes for omission and possession, including plural possession; Speech punctuation and paragraphing for new speaker; Homophone traps: their/there/theyre, its/its, affect/effect, to/too; Consistent tense and viewpoint across a whole piece; Paragraphing with TipTop - Time, place, topic, person; Proofreading routine for the final three minutes of each writing task","https://www.aqa.org.uk/subjects/english/gcse/english-language-8700/assessment-resources","BBC Bitesize GCSE English Language (AQA): https://www.bbc.co.uk/bitesize/examspecs/zcbchv4 | Physics and Maths Tutor GCSE English revision: https://www.physicsandmathstutor.com/ | MME Revise free GCSE revision: https://mmerevise.co.uk/ | Seneca Learning free GCSE courses: https://senecalearning.com/","4","2","VERIFIED from the King Edward VI Five Ways published examination boards list, which names AQA for English and Cambridge OCR for English Literature. The two are different boards, so never use an AQA English Literature past paper for the Literature exam."
"English Literature","OCR","yes","J352","Single tier","Component 01 Exploring modern and literary heritage texts, 2 hours, 80 marks, 50 percent: Section A modern prose or drama (40 marks), Section B 19th century prose (40 marks). Component 02 Exploring poetry and Shakespeare, 2 hours, 80 marks, 50 percent: Section A poetry across time from the OCR Poetry Anthology (40 marks), Section B Shakespeare (40 marks). Both papers are closed text.","An Inspector Calls (Component 01, Section A)","No extract is printed for the modern text question - you write a whole-play essay from a choice of two questions; J. B. Priestley's socialist purpose: writing in 1945 about events set in 1912, warning post-war Britain against returning to pre-war selfishness; Mr Birling: capitalist complacency, dramatic irony over the Titanic and 'the war will never happen'; Mrs Birling: hypocrisy, class snobbery, denial of responsibility towards Eva Smith; Sheila: the character who changes most, from spoilt fiancee to someone who accepts collective responsibility; Eric: drinking, financial dependence, theft, and his own culpability with Eva; Gerald Croft: the 'man of the world', his affair with Daisy Renton, and his relief when the Inspector is exposed as possibly false; Inspector Goole: mouthpiece for Priestley, omniscient control of pace and revelations, symbolic surname (ghoul); Eva Smith/Daisy Renton: never appears on stage, represents the exploited working class and the invisibility of the poor; The cyclical structure: the final telephone call repeats the Act One announcement, trapping the family in the same crisis; Dramatic irony throughout, built from the audience's 1945 knowledge of two world wars and the Titanic's sinking; Stagecraft: the single set, the lighting change from 'pink and intimate' to 'brighter and harder', the doorbell as a structural device; Themes: collective versus individual responsibility, class and privilege, capitalism versus socialism, generational divide (older Birlings versus Sheila and Eric); The play as a moral fable or 'well-made play' with a three-act structure building to a twist; Context: the 1912 setting (pre-Titanic, pre-war optimism) versus the 1945 audience who had lived through the Second World War and the founding of the welfare state; Key scenes: the engagement toast in Act One, the Inspector's exit speech ('fire and blood and anguish'), the final telephone call","https://www.ocr.org.uk/qualifications/gcse/english-literature-j352-from-2015/assessment/","OCR GCSE English Literature J352 specification (PDF): https://www.ocr.org.uk/images/168995-specification-accredited-gcse-english-literature-j352.pdf | OCR GCSE English Literature J352 qualification page: https://www.ocr.org.uk/qualifications/gcse/english-literature-j352-from-2015/ | BBC Bitesize GCSE English Literature: https://www.bbc.co.uk/bitesize/subjects/zckw2hv | Maths Made Easy GCSE English Literature revision: https://mmerevise.co.uk/gcse-revision/gcse-english-literature/ | Revision World OCR English Literature past papers: https://revisionworld.com/a2-level-level-revision/english-literature-gcse-level/english-literature-gcse-past-papers/ocr-gcse-english-literature-past-papers","10","5","VERIFIED from the King Edward VI Five Ways published examination boards list, which names Cambridge OCR for English Literature and AQA for English Language. Set texts confirmed by the family: The Strange Case of Dr Jekyll and Mr Hyde, Macbeth and An Inspector Calls. The poetry cluster has not been confirmed, so all three OCR clusters are included."
"English Literature","OCR","yes","J352","Single tier","Component 01 Exploring modern and literary heritage texts, 2 hours, 80 marks, 50 percent: Section A modern prose or drama (40 marks), Section B 19th century prose (40 marks). Component 02 Exploring poetry and Shakespeare, 2 hours, 80 marks, 50 percent: Section A poetry across time from the OCR Poetry Anthology (40 marks), Section B Shakespeare (40 marks). Both papers are closed text.","The Strange Case of Dr Jekyll and Mr Hyde (Component 01, Section B)","A printed extract question: analyse the given extract, then range across the whole novel; Robert Louis Stevenson writing in 1886 for a late-Victorian audience anxious about science, morality and respectability; Structure: a framed, multi-narrator novel - Utterson's third-person narrative, then Lanyon's letter, then Jekyll's final confession; The withholding of information: the mystery-thriller structure delays the reveal that Jekyll and Hyde are one person; Duality as the central idea: every man is 'not truly one, but truly two', a battle between civilised self and primitive urges; Dr Jekyll: respectable, repressed, scientifically curious, ultimately consumed by his own experiment; Mr Hyde: physically smaller, described as ape-like, primitive, associated with violence (Carew murder) and instinctive evil; Mr Utterson: the reliable, restrained lawyer whose investigation structures the reader's discovery of the truth; Dr Lanyon: the rational scientist destroyed by witnessing something that defies his scientific worldview; Victorian context: strict codes of respectability and reputation, fear of being publicly disgraced; Context: the Victorian double life, hidden vice behind a respectable public facade (echoes of real cases and Darwinian anxiety about man's animal nature); Context: contemporary science, evolutionary theory, and fears that science could unleash uncontrollable forces; Gothic conventions: fog-bound London streets, locked doors, a sinister house, the uncanny, transformation/transgression; Symbolism: the door as a barrier between public and private selves, the two entrances to Jekyll's house; Key scenes: Enfield's account of Hyde trampling the girl, the Carew murder, Lanyon's witnessing of the transformation, Jekyll's final statement; Jekyll's final confession as a first-person unravelling of motive, guilt and loss of control over the transformations","https://www.ocr.org.uk/qualifications/gcse/english-literature-j352-from-2015/assessment/","OCR GCSE English Literature J352 specification (PDF): https://www.ocr.org.uk/images/168995-specification-accredited-gcse-english-literature-j352.pdf | OCR GCSE English Literature J352 qualification page: https://www.ocr.org.uk/qualifications/gcse/english-literature-j352-from-2015/ | BBC Bitesize GCSE English Literature: https://www.bbc.co.uk/bitesize/subjects/zckw2hv | Maths Made Easy GCSE English Literature revision: https://mmerevise.co.uk/gcse-revision/gcse-english-literature/ | Revision World OCR English Literature past papers: https://revisionworld.com/a2-level-level-revision/english-literature-gcse-level/english-literature-gcse-past-papers/ocr-gcse-english-literature-past-papers","10","5","VERIFIED from the King Edward VI Five Ways published examination boards list, which names Cambridge OCR for English Literature and AQA for English Language. Set texts confirmed by the family: The Strange Case of Dr Jekyll and Mr Hyde, Macbeth and An Inspector Calls. The poetry cluster has not been confirmed, so all three OCR clusters are included."
"English Literature","OCR","yes","J352","Single tier","Component 01 Exploring modern and literary heritage texts, 2 hours, 80 marks, 50 percent: Section A modern prose or drama (40 marks), Section B 19th century prose (40 marks). Component 02 Exploring poetry and Shakespeare, 2 hours, 80 marks, 50 percent: Section A poetry across time from the OCR Poetry Anthology (40 marks), Section B Shakespeare (40 marks). Both papers are closed text.","Macbeth (Component 02, Section B)","A printed extract question: analyse the given extract, then discuss the whole play; Shakespeare writing around 1606 for James I, who believed in the divine right of kings and had survived the Gunpowder Plot; The three witches (Weird Sisters): ambiguous prophecy, supernatural temptation, and Jacobean beliefs about witchcraft; Macbeth's initial nobility (Sergeant's report, 'brave Macbeth') set against his rapid moral decline; Macbeth's soliloquies as windows into a conscience at war with ambition ('If it were done, when 'tis done'; 'dagger' soliloquy); Lady Macbeth: ambition, manipulation of Macbeth's masculinity, the sleepwalking and hand-washing that reveal guilt she cannot voice; The motif of blood: from 'brave Macbeth' with 'smoking' blade to Lady Macbeth's inability to wash imagined blood from her hands; The motif of darkness and unnatural disorder: disrupted sleep, storms, and the natural world reacting to regicide; Banquo: Macbeth's foil, murdered out of paranoia, whose ghost appears at the banquet as a symbol of guilt; Macduff: the avenging hero, learns of his family's murder, kills Macbeth in the final act, restoring order; Duncan: the rightful, divinely-sanctioned king, whose murder is a crime against both the state and natural/divine order; The theme of ambition and its corrupting effect on both Macbeths; The theme of kingship: contrast between Duncan's/Malcolm's legitimate rule and Macbeth's tyranny; The theme of the supernatural and fate versus free will - do the witches control Macbeth or merely reveal his own desires; Key scenes: the witches' first prophecy (Act 1), Duncan's murder (Act 2), Banquo's ghost at the banquet (Act 3), the sleepwalking scene (Act 5), the final duel with Macduff; Dramatic irony and structure: the rise-and-fall tragic arc typical of Shakespearean tragedy, with the order of Scotland restored under Malcolm at the end","https://www.ocr.org.uk/qualifications/gcse/english-literature-j352-from-2015/assessment/","OCR GCSE English Literature J352 specification (PDF): https://www.ocr.org.uk/images/168995-specification-accredited-gcse-english-literature-j352.pdf | OCR GCSE English Literature J352 qualification page: https://www.ocr.org.uk/qualifications/gcse/english-literature-j352-from-2015/ | BBC Bitesize GCSE English Literature: https://www.bbc.co.uk/bitesize/subjects/zckw2hv | Maths Made Easy GCSE English Literature revision: https://mmerevise.co.uk/gcse-revision/gcse-english-literature/ | Revision World OCR English Literature past papers: https://revisionworld.com/a2-level-level-revision/english-literature-gcse-level/english-literature-gcse-past-papers/ocr-gcse-english-literature-past-papers","10","5","VERIFIED from the King Edward VI Five Ways published examination boards list, which names Cambridge OCR for English Literature and AQA for English Language. Set texts confirmed by the family: The Strange Case of Dr Jekyll and Mr Hyde, Macbeth and An Inspector Calls. The poetry cluster has not been confirmed, so all three OCR clusters are included."
"English Literature","OCR","yes","J352","Single tier","Component 01 Exploring modern and literary heritage texts, 2 hours, 80 marks, 50 percent: Section A modern prose or drama (40 marks), Section B 19th century prose (40 marks). Component 02 Exploring poetry and Shakespeare, 2 hours, 80 marks, 50 percent: Section A poetry across time from the OCR Poetry Anthology (40 marks), Section B Shakespeare (40 marks). Both papers are closed text.","OCR Poetry Anthology: Love and Relationships Cluster","This cluster is one of three options in the OCR Poetry Anthology 'Towards a World Unknown' - the family has not confirmed which cluster is studied, so treat this as preparation only until confirmed; The exam gives one named poem printed on the paper, plus a linked unseen poem; you compare the named poem with the unseen poem and may also be asked about a second anthology poem; Do not guess specific poem titles you are not certain belong to this cluster - focus revision on themes, comparative method and named poems only where certain; Likely thematic range for a Love and Relationships cluster: romantic love, loss of love, family bonds, one-sided or unrequited love, love across distance or time, the pain and joy love can bring; Comparative method: identify a shared theme or attitude between the named poem and the unseen poem, then compare how each poet presents it; Poetic form and structure relevant to love poetry: the sonnet form and its traditional association with romantic love, dramatic monologue giving one voice's perspective, structure that shifts at a volta; Voice and perspective: whether a poem is spoken in first person, addressed directly to a lover, or narrated about a relationship from outside; Imagery patterns common in love poetry: nature imagery for growth or decay of feeling, domestic imagery for intimacy, extended metaphor for a relationship; Tone shifts within a single poem, e.g. from tenderness to anger, or nostalgia to acceptance; Sound and rhythm: how rhyme scheme, metre or its absence (free verse) can mirror harmony or discord in a relationship; Comparing methods, not just content: two poems can share a theme (loss) but use very different techniques to convey it; Building flexible comparison points: form, structure, imagery, tone and language choices that can be adapted to whichever named poem appears; Practising with any unseen love-themed poem to build confidence comparing methods under time pressure; Revision priority: since the studied poems are unconfirmed, prioritise comparative skills and terminology over memorising specific poem content","https://www.ocr.org.uk/qualifications/gcse/english-literature-j352-from-2015/assessment/","OCR GCSE English Literature J352 specification (PDF): https://www.ocr.org.uk/images/168995-specification-accredited-gcse-english-literature-j352.pdf | OCR GCSE English Literature J352 qualification page: https://www.ocr.org.uk/qualifications/gcse/english-literature-j352-from-2015/ | BBC Bitesize GCSE English Literature: https://www.bbc.co.uk/bitesize/subjects/zckw2hv | Maths Made Easy GCSE English Literature revision: https://mmerevise.co.uk/gcse-revision/gcse-english-literature/ | Revision World OCR English Literature past papers: https://revisionworld.com/a2-level-level-revision/english-literature-gcse-level/english-literature-gcse-past-papers/ocr-gcse-english-literature-past-papers","8","4","VERIFIED from the King Edward VI Five Ways published examination boards list, which names Cambridge OCR for English Literature and AQA for English Language. Set texts confirmed by the family: The Strange Case of Dr Jekyll and Mr Hyde, Macbeth and An Inspector Calls. The poetry cluster has not been confirmed, so all three OCR clusters are included."
"English Literature","OCR","yes","J352","Single tier","Component 01 Exploring modern and literary heritage texts, 2 hours, 80 marks, 50 percent: Section A modern prose or drama (40 marks), Section B 19th century prose (40 marks). Component 02 Exploring poetry and Shakespeare, 2 hours, 80 marks, 50 percent: Section A poetry across time from the OCR Poetry Anthology (40 marks), Section B Shakespeare (40 marks). Both papers are closed text.","OCR Poetry Anthology: Conflict Cluster","This cluster is one of three options in the OCR Poetry Anthology 'Towards a World Unknown' - the family has not confirmed which cluster is studied, so treat this as preparation only until confirmed; The exam gives one named poem printed on the paper, plus a linked unseen poem; you compare the named poem with the unseen poem and may also be asked about a second anthology poem; Do not guess specific poem titles you are not certain belong to this cluster - focus revision on themes, comparative method and named poems only where certain; Likely thematic range for a Conflict cluster: physical war and battle, the psychological aftermath of conflict, conflict between generations or cultures, inner emotional conflict, the cost of conflict to ordinary people; Perspective in conflict poetry: soldier's first-hand voice, a civilian or bystander's view, or a distanced/reflective narrator looking back; Imagery patterns common in conflict poetry: violent or visceral physical imagery, imagery of destruction and ruin, contrasting imagery of peace or home to heighten the horror of conflict; Structural devices: fragmented or disrupted structure to mirror chaos, regular structure used ironically to suggest false order, enjambment to create urgency or breathlessness; Tone in conflict poetry: anger, grief, irony, numbness, or a controlled, restrained tone that lets horror speak for itself; Sound devices: harsh consonants and plosives for violence, caesura for sudden shock or interruption; Comparative method: identify a shared idea about conflict (its cost, its glorification, its aftermath) then compare how each poet's methods present it differently; Comparing attitudes to conflict: some poems may glorify or question, condemn or memorialise - identify the poet's stance as part of the comparison; Building flexible comparison points around structure, imagery, tone and form so they can be adapted to whichever named poem appears; Practising with any unseen conflict-themed poem to build confidence comparing methods under time pressure; Revision priority: since the studied poems are unconfirmed, prioritise comparative skills and terminology over memorising specific poem content","https://www.ocr.org.uk/qualifications/gcse/english-literature-j352-from-2015/assessment/","OCR GCSE English Literature J352 specification (PDF): https://www.ocr.org.uk/images/168995-specification-accredited-gcse-english-literature-j352.pdf | OCR GCSE English Literature J352 qualification page: https://www.ocr.org.uk/qualifications/gcse/english-literature-j352-from-2015/ | BBC Bitesize GCSE English Literature: https://www.bbc.co.uk/bitesize/subjects/zckw2hv | Maths Made Easy GCSE English Literature revision: https://mmerevise.co.uk/gcse-revision/gcse-english-literature/ | Revision World OCR English Literature past papers: https://revisionworld.com/a2-level-level-revision/english-literature-gcse-level/english-literature-gcse-past-papers/ocr-gcse-english-literature-past-papers","8","4","VERIFIED from the King Edward VI Five Ways published examination boards list, which names Cambridge OCR for English Literature and AQA for English Language. Set texts confirmed by the family: The Strange Case of Dr Jekyll and Mr Hyde, Macbeth and An Inspector Calls. The poetry cluster has not been confirmed, so all three OCR clusters are included."
"English Literature","OCR","yes","J352","Single tier","Component 01 Exploring modern and literary heritage texts, 2 hours, 80 marks, 50 percent: Section A modern prose or drama (40 marks), Section B 19th century prose (40 marks). Component 02 Exploring poetry and Shakespeare, 2 hours, 80 marks, 50 percent: Section A poetry across time from the OCR Poetry Anthology (40 marks), Section B Shakespeare (40 marks). Both papers are closed text.","OCR Poetry Anthology: Youth and Age Cluster","This cluster is one of three options in the OCR Poetry Anthology 'Towards a World Unknown' - the family has not confirmed which cluster is studied, so treat this as preparation only until confirmed; The exam gives one named poem printed on the paper, plus a linked unseen poem; you compare the named poem with the unseen poem and may also be asked about a second anthology poem; Do not guess specific poem titles you are not certain belong to this cluster - focus revision on themes, comparative method and named poems only where certain; Likely thematic range for a Youth and Age cluster: childhood memory, the passage of time, generational relationships (parent/child, grandparent/grandchild), the loss of innocence, ageing and mortality, nostalgia for the past; Perspective in Youth and Age poetry: an adult narrator looking back at childhood, a child's voice, or an older figure reflecting on the young; Imagery patterns common in this theme: seasonal imagery to represent life stages, imagery of growth and decay, sensory or nostalgic imagery tied to specific memories; Structural devices: chronological structure tracing a life or memory, circular structure returning to a starting image, contrast between past and present tenses; Tone: nostalgic, wistful, regretful, celebratory, or a mix that shifts across the poem; Comparative method: identify a shared idea about time, memory or generational relationships, then compare how each poet's methods present it differently; Comparing form: a poem with a tight, regular form might suggest order or control over memory, while an irregular form may suggest memory's unreliability; Symbolism common to this theme: objects that outlast people (photographs, houses, clothes), physical signs of ageing, or thresholds like doorways marking change; Building flexible comparison points around tense, structure, imagery and tone so they can be adapted to whichever named poem appears; Practising with any unseen poem on memory, childhood or ageing to build confidence comparing methods under time pressure; Revision priority: since the studied poems are unconfirmed, prioritise comparative skills and terminology over memorising specific poem content","https://www.ocr.org.uk/qualifications/gcse/english-literature-j352-from-2015/assessment/","OCR GCSE English Literature J352 specification (PDF): https://www.ocr.org.uk/images/168995-specification-accredited-gcse-english-literature-j352.pdf | OCR GCSE English Literature J352 qualification page: https://www.ocr.org.uk/qualifications/gcse/english-literature-j352-from-2015/ | BBC Bitesize GCSE English Literature: https://www.bbc.co.uk/bitesize/subjects/zckw2hv | Maths Made Easy GCSE English Literature revision: https://mmerevise.co.uk/gcse-revision/gcse-english-literature/ | Revision World OCR English Literature past papers: https://revisionworld.com/a2-level-level-revision/english-literature-gcse-level/english-literature-gcse-past-papers/ocr-gcse-english-literature-past-papers","8","4","VERIFIED from the King Edward VI Five Ways published examination boards list, which names Cambridge OCR for English Literature and AQA for English Language. Set texts confirmed by the family: The Strange Case of Dr Jekyll and Mr Hyde, Macbeth and An Inspector Calls. The poetry cluster has not been confirmed, so all three OCR clusters are included."
"English Literature","OCR","yes","J352","Single tier","Component 01 Exploring modern and literary heritage texts, 2 hours, 80 marks, 50 percent: Section A modern prose or drama (40 marks), Section B 19th century prose (40 marks). Component 02 Exploring poetry and Shakespeare, 2 hours, 80 marks, 50 percent: Section A poetry across time from the OCR Poetry Anthology (40 marks), Section B Shakespeare (40 marks). Both papers are closed text.","Exam Skills and Essay Craft for J352","Both components are closed text: no copies of the texts are allowed in the exam, so quotations must be memorised; AO1: informed personal response supported by textual references and quotations; AO2: analysis of language, form and structure using accurate subject terminology; AO3: understanding of the relationship between texts and their contexts (worth less overall than AO1/AO2); AO4: accurate spelling, punctuation and range of vocabulary/sentence structures, assessed only in Section B of each component; Writing a conceptual thesis statement in the opening sentences that answers the question directly; Point-Method-Effect (or What-How-Why) paragraph structure: make a point, show the method with embedded evidence, explain the effect and link to the question; Embedding short, precise quotations inside your own sentence rather than dropping them in as a separate sentence; Zooming in on individual words within a quotation and offering more than one possible interpretation; Writing about form and structure explicitly, not only language choices, to access full AO2 marks; Weaving context into analysis as part of interpretation, not as a separate paragraph of historical facts; For extract-based questions (modern text has no extract, but 19th century prose and Shakespeare do): spend real time analysing the extract closely before ranging outward; Time management across a 2-hour paper with two 40-mark sections: roughly 45-50 minutes reading/planning/writing each section, leaving a few minutes to check; Planning in the first few minutes: identify the question's key words, choose a line of argument, and jot 3-4 topic sentences before writing; For the poetry comparison, planning both poems side by side before writing to identify shared and contrasting methods early; Final proofreading pass focused on sentence accuracy in Section B answers where AO4 is assessed","https://www.ocr.org.uk/qualifications/gcse/english-literature-j352-from-2015/assessment/","OCR GCSE English Literature J352 specification (PDF): https://www.ocr.org.uk/images/168995-specification-accredited-gcse-english-literature-j352.pdf | OCR GCSE English Literature J352 qualification page: https://www.ocr.org.uk/qualifications/gcse/english-literature-j352-from-2015/ | BBC Bitesize GCSE English Literature: https://www.bbc.co.uk/bitesize/subjects/zckw2hv | Maths Made Easy GCSE English Literature revision: https://mmerevise.co.uk/gcse-revision/gcse-english-literature/ | Revision World OCR English Literature past papers: https://revisionworld.com/a2-level-level-revision/english-literature-gcse-level/english-literature-gcse-past-papers/ocr-gcse-english-literature-past-papers","10","5","VERIFIED from the King Edward VI Five Ways published examination boards list, which names Cambridge OCR for English Literature and AQA for English Language. Set texts confirmed by the family: The Strange Case of Dr Jekyll and Mr Hyde, Macbeth and An Inspector Calls. The poetry cluster has not been confirmed, so all three OCR clusters are included."
"Mathematics","Pearson Edexcel","yes","1MA1","Higher tier","Three papers, each 1h30 and 80 marks: Paper 1 non-calculator, Papers 2 and 3 calculator. Higher tier grades 4-9.","Circle Theorems (KEFW Year 11 Unit 1)","Angle in a semicircle is 90 degrees; Angle at the centre is twice the angle at the circumference; Angles in the same segment are equal; Opposite angles of a cyclic quadrilateral sum to 180 degrees; A tangent meets a radius at 90 degrees; Two tangents from an external point are equal in length; The alternate segment theorem; A perpendicular from the centre bisects a chord; Chaining theorems and naming each one in a written proof; Combining circle theorems with algebraic angle expressions","https://qualifications.pearson.com/en/support/support-topics/exams/past-papers/find-past-papers-and-mark-schemes.html?subject=Mathematics&level=GCSE","BBC Bitesize GCSE Maths (Edexcel): https://www.bbc.co.uk/bitesize/examspecs/z9p3mnb | MME Revise GCSE Maths revision and topic questions: https://mmerevise.co.uk/ | Physics and Maths Tutor GCSE Maths papers by topic: https://www.physicsandmathstutor.com/ | Seneca Learning free GCSE Maths course: https://senecalearning.com/","6","3","VERIFIED from the King Edward VI Five Ways published examination boards list, which names Edexcel for Maths. The KEFW Mathematics Curriculum Intent documents confirm Higher tier content, so all three papers are the Higher tier papers 1MA1/1H, 1MA1/2H and 1MA1/3H."
"Mathematics","Pearson Edexcel","yes","1MA1","Higher tier","Three papers, each 1h30 and 80 marks: Paper 1 non-calculator, Papers 2 and 3 calculator. Higher tier grades 4-9.","Algebra and Functions (KEFW Year 11 Unit 2)","Rearranging formulae where the subject appears more than once; Simplifying algebraic fractions by factorising numerator and denominator; Adding, subtracting, multiplying and dividing algebraic fractions; Solving equations containing algebraic fractions; Function notation f(x) and evaluating f(a); Composite functions fg(x) and order of operations; Inverse functions f inverse of x by rearranging y = f(x); Algebraic proof with 2n, 2n+1, consecutive integers and multiples; Proving expressions are always odd, even or a multiple of k; Iteration to find approximate solutions to a given number of decimal places","https://qualifications.pearson.com/en/support/support-topics/exams/past-papers/find-past-papers-and-mark-schemes.html?subject=Mathematics&level=GCSE","BBC Bitesize GCSE Maths (Edexcel): https://www.bbc.co.uk/bitesize/examspecs/z9p3mnb | MME Revise GCSE Maths revision and topic questions: https://mmerevise.co.uk/ | Physics and Maths Tutor GCSE Maths papers by topic: https://www.physicsandmathstutor.com/ | Seneca Learning free GCSE Maths course: https://senecalearning.com/","6","3","VERIFIED from the King Edward VI Five Ways published examination boards list, which names Edexcel for Maths. The KEFW Mathematics Curriculum Intent documents confirm Higher tier content, so all three papers are the Higher tier papers 1MA1/1H, 1MA1/2H and 1MA1/3H."
"Mathematics","Pearson Edexcel","yes","1MA1","Higher tier","Three papers, each 1h30 and 80 marks: Paper 1 non-calculator, Papers 2 and 3 calculator. Higher tier grades 4-9.","Vectors and Geometric Proof (KEFW Year 11 Unit 3)","Column vector notation and vector diagrams; Adding and subtracting vectors, and the triangle law; Scalar multiples and what they mean geometrically; Magnitude of a vector using Pythagoras; Position vectors from the origin; Finding a point that divides a line in a given ratio; Proving two vectors are parallel; Proving three points are collinear; Writing a full geometric proof with vector reasoning; Recognising midpoint and ratio results in triangles and parallelograms","https://qualifications.pearson.com/en/support/support-topics/exams/past-papers/find-past-papers-and-mark-schemes.html?subject=Mathematics&level=GCSE","BBC Bitesize GCSE Maths (Edexcel): https://www.bbc.co.uk/bitesize/examspecs/z9p3mnb | MME Revise GCSE Maths revision and topic questions: https://mmerevise.co.uk/ | Physics and Maths Tutor GCSE Maths papers by topic: https://www.physicsandmathstutor.com/ | Seneca Learning free GCSE Maths course: https://senecalearning.com/","5","3","VERIFIED from the King Edward VI Five Ways published examination boards list, which names Edexcel for Maths. The KEFW Mathematics Curriculum Intent documents confirm Higher tier content, so all three papers are the Higher tier papers 1MA1/1H, 1MA1/2H and 1MA1/3H."
"Mathematics","Pearson Edexcel","yes","1MA1","Higher tier","Three papers, each 1h30 and 80 marks: Paper 1 non-calculator, Papers 2 and 3 calculator. Higher tier grades 4-9.","Higher Retrieval: Number, Ratio and Proportion","Laws of indices including negative and fractional indices; Surds: simplifying, rationalising the denominator, expanding brackets; Standard form calculations without a calculator; Upper and lower bounds, and error intervals; Truncation versus rounding; Reverse percentages and repeated percentage change; Compound interest and depreciation; Direct and inverse proportion, including forming y = kx and y = k/x; Ratio problems with changing totals and shares; Recurring decimals to fractions using algebra","https://qualifications.pearson.com/en/support/support-topics/exams/past-papers/find-past-papers-and-mark-schemes.html?subject=Mathematics&level=GCSE","BBC Bitesize GCSE Maths (Edexcel): https://www.bbc.co.uk/bitesize/examspecs/z9p3mnb | MME Revise GCSE Maths revision and topic questions: https://mmerevise.co.uk/ | Physics and Maths Tutor GCSE Maths papers by topic: https://www.physicsandmathstutor.com/ | Seneca Learning free GCSE Maths course: https://senecalearning.com/","6","3","VERIFIED from the King Edward VI Five Ways published examination boards list, which names Edexcel for Maths. The KEFW Mathematics Curriculum Intent documents confirm Higher tier content, so all three papers are the Higher tier papers 1MA1/1H, 1MA1/2H and 1MA1/3H."
"Mathematics","Pearson Edexcel","yes","1MA1","Higher tier","Three papers, each 1h30 and 80 marks: Paper 1 non-calculator, Papers 2 and 3 calculator. Higher tier grades 4-9.","Higher Retrieval: Core Algebra and Graphs","Solving quadratics by factorising, the formula and completing the square; Completing the square to find the turning point of a parabola; Simultaneous equations where one is quadratic; Linear and quadratic inequalities, and representing solutions on a number line; nth term of linear and quadratic sequences, and geometric sequences; Graph transformations f(x)+a, f(x+a), -f(x), f(-x), af(x); Recognising quadratic, cubic, reciprocal, exponential and trigonometric graphs; Equation of a circle x squared + y squared = r squared and the tangent to it; Gradients of parallel and perpendicular lines; Estimating area under a curve and gradient of a tangent in real contexts","https://qualifications.pearson.com/en/support/support-topics/exams/past-papers/find-past-papers-and-mark-schemes.html?subject=Mathematics&level=GCSE","BBC Bitesize GCSE Maths (Edexcel): https://www.bbc.co.uk/bitesize/examspecs/z9p3mnb | MME Revise GCSE Maths revision and topic questions: https://mmerevise.co.uk/ | Physics and Maths Tutor GCSE Maths papers by topic: https://www.physicsandmathstutor.com/ | Seneca Learning free GCSE Maths course: https://senecalearning.com/","6","3","VERIFIED from the King Edward VI Five Ways published examination boards list, which names Edexcel for Maths. The KEFW Mathematics Curriculum Intent documents confirm Higher tier content, so all three papers are the Higher tier papers 1MA1/1H, 1MA1/2H and 1MA1/3H."
"Mathematics","Pearson Edexcel","yes","1MA1","Higher tier","Three papers, each 1h30 and 80 marks: Paper 1 non-calculator, Papers 2 and 3 calculator. Higher tier grades 4-9.","Higher Retrieval: Geometry, Trigonometry and Measure","Pythagoras and trigonometry in two and three dimensions; Exact trigonometric values for 0, 30, 45, 60 and 90 degrees; Sine rule, cosine rule and the ambiguous case; Area of a triangle using one half ab sin C; Similar shapes: length, area and volume scale factors; Congruence conditions SSS, SAS, ASA, RHS; Arc length, sector area and segment area; Surface area and volume of prisms, cylinders, cones, spheres and frustums; Transformations: rotation, reflection, translation, enlargement including negative scale factors; Constructions, loci and bearings","https://qualifications.pearson.com/en/support/support-topics/exams/past-papers/find-past-papers-and-mark-schemes.html?subject=Mathematics&level=GCSE","BBC Bitesize GCSE Maths (Edexcel): https://www.bbc.co.uk/bitesize/examspecs/z9p3mnb | MME Revise GCSE Maths revision and topic questions: https://mmerevise.co.uk/ | Physics and Maths Tutor GCSE Maths papers by topic: https://www.physicsandmathstutor.com/ | Seneca Learning free GCSE Maths course: https://senecalearning.com/","7","3","VERIFIED from the King Edward VI Five Ways published examination boards list, which names Edexcel for Maths. The KEFW Mathematics Curriculum Intent documents confirm Higher tier content, so all three papers are the Higher tier papers 1MA1/1H, 1MA1/2H and 1MA1/3H."
"Mathematics","Pearson Edexcel","yes","1MA1","Higher tier","Three papers, each 1h30 and 80 marks: Paper 1 non-calculator, Papers 2 and 3 calculator. Higher tier grades 4-9.","Higher Retrieval: Statistics and Probability","Cumulative frequency graphs, median, quartiles and interquartile range; Box plots and comparing distributions; Histograms with unequal class widths and frequency density; Estimating the mean from a grouped frequency table; Sampling: random, stratified, bias and capture-recapture; Tree diagrams for dependent and independent events; Venn diagrams and set notation including intersection, union and complement; Conditional probability without replacement; Scatter graphs, correlation, line of best fit, interpolation and extrapolation; Time series and comparing two data sets in context","https://qualifications.pearson.com/en/support/support-topics/exams/past-papers/find-past-papers-and-mark-schemes.html?subject=Mathematics&level=GCSE","BBC Bitesize GCSE Maths (Edexcel): https://www.bbc.co.uk/bitesize/examspecs/z9p3mnb | MME Revise GCSE Maths revision and topic questions: https://mmerevise.co.uk/ | Physics and Maths Tutor GCSE Maths papers by topic: https://www.physicsandmathstutor.com/ | Seneca Learning free GCSE Maths course: https://senecalearning.com/","5","3","VERIFIED from the King Edward VI Five Ways published examination boards list, which names Edexcel for Maths. The KEFW Mathematics Curriculum Intent documents confirm Higher tier content, so all three papers are the Higher tier papers 1MA1/1H, 1MA1/2H and 1MA1/3H."
"Biology (Triple)","AQA","yes","8461","Higher tier","Paper 1 (topics 1-4: cell biology, organisation, infection and response, bioenergetics) and Paper 2 (topics 5-7: homeostasis and response, inheritance variation and evolution, ecology). Each 1h45, 100 marks, 50 percent.","B5.6a Ecology: Adaptations, Communities and Interdependence","Levels of organisation: individual, population, community, ecosystem; Abiotic factors: light intensity, temperature, moisture, soil pH and mineral content, wind intensity, carbon dioxide and oxygen levels; Biotic factors: availability of food, new predators, new pathogens, competition between species; Interdependence and the effect of removing one species from a community; Competition in plants for light, space, water and mineral ions; Competition in animals for food, mates and territory; Structural, behavioural and functional adaptations; Extremophiles and adaptations to high temperature, pressure or salt concentration; Predator-prey population cycles and why they lag behind each other","https://www.aqa.org.uk/subjects/science/gcse/biology-8461/assessment-resources","BBC Bitesize GCSE Biology (AQA): https://www.bbc.co.uk/bitesize/examspecs/zpgcbk7 | Free Science Lessons video course: https://www.freesciencelessons.co.uk/ | Cognito free GCSE science videos and quizzes: https://www.cognitoedu.org/ | Physics and Maths Tutor AQA Biology topic questions: https://www.physicsandmathstutor.com/ | Seneca Learning free AQA Biology course: https://senecalearning.com/","7","3","VERIFIED from the KEFW Biology Curriculum Intent PDF, which states the Triple Biology GCSE examination is conducted by AQA. Spec code 8461. Year 11 units below (B5.6 Ecology and B5.7 Inheritance, variation and evolution) are taken directly from the KEFW Year 11 curriculum document."
"Biology (Triple)","AQA","yes","8461","Higher tier","Paper 1 (topics 1-4: cell biology, organisation, infection and response, bioenergetics) and Paper 2 (topics 5-7: homeostasis and response, inheritance variation and evolution, ecology). Each 1h45, 100 marks, 50 percent.","B5.6b Ecology: Sampling, Cycling of Materials and Decomposition","Required practical: measuring population size using quadrats and random sampling; Using a transect to measure how distribution changes across a gradient; Calculating mean, median and mode from quadrat data, and estimating total population; Why random sampling avoids bias, and how to generate random coordinates; The carbon cycle: photosynthesis, respiration, combustion, decomposition; The water cycle: evaporation, condensation, precipitation, transpiration; The role of microorganisms in returning carbon and mineral ions to the environment; Required practical: investigating the effect of temperature on the rate of decay of milk or of pH change; Factors affecting rate of decomposition: temperature, water, oxygen availability; Biogas generators and compost as applications of decomposition","https://www.aqa.org.uk/subjects/science/gcse/biology-8461/assessment-resources","BBC Bitesize GCSE Biology (AQA): https://www.bbc.co.uk/bitesize/examspecs/zpgcbk7 | Free Science Lessons video course: https://www.freesciencelessons.co.uk/ | Cognito free GCSE science videos and quizzes: https://www.cognitoedu.org/ | Physics and Maths Tutor AQA Biology topic questions: https://www.physicsandmathstutor.com/ | Seneca Learning free AQA Biology course: https://senecalearning.com/","7","4","VERIFIED from the KEFW Biology Curriculum Intent PDF, which states the Triple Biology GCSE examination is conducted by AQA. Spec code 8461. Year 11 units below (B5.6 Ecology and B5.7 Inheritance, variation and evolution) are taken directly from the KEFW Year 11 curriculum document."
"Biology (Triple)","AQA","yes","8461","Higher tier","Paper 1 (topics 1-4: cell biology, organisation, infection and response, bioenergetics) and Paper 2 (topics 5-7: homeostasis and response, inheritance variation and evolution, ecology). Each 1h45, 100 marks, 50 percent.","B5.6c Ecology: Biodiversity, Human Impact and Food Production","Definition of biodiversity and why high biodiversity gives stable ecosystems; Rapid human population growth and increased resource use; Pollution of water by sewage, fertiliser and toxic chemicals; Pollution of land by landfill and toxic chemicals; pollution of air by smoke and acidic gases; Deforestation causes: cattle and rice fields, and growing crops for biofuels; Destruction of peat bogs and the release of stored carbon dioxide; Global warming: consequences for species distribution, migration patterns and sea level; Maintaining biodiversity: breeding programmes, protecting habitats, field margins and hedgerows, recycling, government CO2 reduction targets; Trophic levels 1 to 4, producers, primary and secondary consumers, apex predators, decomposers; Pyramids of biomass and calculating percentage efficiency of biomass transfer; Food security and the factors that threaten it; Sustainable fishing: net size and fishing quotas; Factory farming and limiting energy transfer to increase efficiency; Mycoprotein from Fusarium in aerobic culture, and genetically modified crops","https://www.aqa.org.uk/subjects/science/gcse/biology-8461/assessment-resources","BBC Bitesize GCSE Biology (AQA): https://www.bbc.co.uk/bitesize/examspecs/zpgcbk7 | Free Science Lessons video course: https://www.freesciencelessons.co.uk/ | Cognito free GCSE science videos and quizzes: https://www.cognitoedu.org/ | Physics and Maths Tutor AQA Biology topic questions: https://www.physicsandmathstutor.com/ | Seneca Learning free AQA Biology course: https://senecalearning.com/","9","4","VERIFIED from the KEFW Biology Curriculum Intent PDF, which states the Triple Biology GCSE examination is conducted by AQA. Spec code 8461. Year 11 units below (B5.6 Ecology and B5.7 Inheritance, variation and evolution) are taken directly from the KEFW Year 11 curriculum document."
"Biology (Triple)","AQA","yes","8461","Higher tier","Paper 1 (topics 1-4: cell biology, organisation, infection and response, bioenergetics) and Paper 2 (topics 5-7: homeostasis and response, inheritance variation and evolution, ecology). Each 1h45, 100 marks, 50 percent.","B5.7a Inheritance: Reproduction, DNA and Genetic Crosses","Sexual reproduction, gametes, fertilisation and variation in offspring; Asexual reproduction by mitosis producing genetically identical clones; Meiosis: one cell producing four genetically different haploid gametes; Organisms that use both strategies: malarial parasite, fungi, strawberry and daffodil plants; DNA structure: double helix, polymer, nucleotides, sugar-phosphate backbone, bases A, C, G and T; Gene, chromosome and genome; the value of the Human Genome Project; Complementary base pairing A-T and C-G; Protein synthesis: transcription to mRNA, translation on ribosomes, tRNA and amino acid order; How non-coding DNA and mutations can change protein shape and function; Alleles, dominant and recessive, homozygous and heterozygous, genotype and phenotype; Punnett squares and family tree diagrams, and calculating expected ratios; Polydactyly as a dominant disorder and cystic fibrosis as a recessive disorder; Embryo screening and gene therapy - economic, social and ethical issues; Sex determination by the X and Y chromosomes","https://www.aqa.org.uk/subjects/science/gcse/biology-8461/assessment-resources","BBC Bitesize GCSE Biology (AQA): https://www.bbc.co.uk/bitesize/examspecs/zpgcbk7 | Free Science Lessons video course: https://www.freesciencelessons.co.uk/ | Cognito free GCSE science videos and quizzes: https://www.cognitoedu.org/ | Physics and Maths Tutor AQA Biology topic questions: https://www.physicsandmathstutor.com/ | Seneca Learning free AQA Biology course: https://senecalearning.com/","10","5","VERIFIED from the KEFW Biology Curriculum Intent PDF, which states the Triple Biology GCSE examination is conducted by AQA. Spec code 8461. Year 11 units below (B5.6 Ecology and B5.7 Inheritance, variation and evolution) are taken directly from the KEFW Year 11 curriculum document."
"Biology (Triple)","AQA","yes","8461","Higher tier","Paper 1 (topics 1-4: cell biology, organisation, infection and response, bioenergetics) and Paper 2 (topics 5-7: homeostasis and response, inheritance variation and evolution, ecology). Each 1h45, 100 marks, 50 percent.","B5.7b Variation, Evolution, Extinction and Classification","Causes of variation: genes, environment, or both; mutation as the source of new alleles; The theory of evolution by natural selection over three billion years; Darwin, Wallace and the publication of On the Origin of Species; Why Darwins ideas were only gradually accepted; Lamarcks theory of inherited acquired characteristics and why it was rejected; Mendels work with pea plants and why its significance was recognised late; Speciation: isolation, different selection pressures, inability to interbreed successfully; Evidence for evolution: fossils, antibiotic-resistant bacteria; How fossils form and why the fossil record is incomplete; Causes of extinction: new predators, new diseases, catastrophic events, environmental change, competition; Antibiotic-resistant bacteria such as MRSA and how resistance spreads; Reducing resistance: no antibiotics for viruses or non-serious infections, completing the course, restricted agricultural use; The Linnaean system: kingdom, phylum, class, order, family, genus, species and binomial naming; Woeses three-domain system: archaea, bacteria, eukaryota; Evolutionary trees and how they are constructed","https://www.aqa.org.uk/subjects/science/gcse/biology-8461/assessment-resources","BBC Bitesize GCSE Biology (AQA): https://www.bbc.co.uk/bitesize/examspecs/zpgcbk7 | Free Science Lessons video course: https://www.freesciencelessons.co.uk/ | Cognito free GCSE science videos and quizzes: https://www.cognitoedu.org/ | Physics and Maths Tutor AQA Biology topic questions: https://www.physicsandmathstutor.com/ | Seneca Learning free AQA Biology course: https://senecalearning.com/","10","5","VERIFIED from the KEFW Biology Curriculum Intent PDF, which states the Triple Biology GCSE examination is conducted by AQA. Spec code 8461. Year 11 units below (B5.6 Ecology and B5.7 Inheritance, variation and evolution) are taken directly from the KEFW Year 11 curriculum document."
"Biology (Triple)","AQA","yes","8461","Higher tier","Paper 1 (topics 1-4: cell biology, organisation, infection and response, bioenergetics) and Paper 2 (topics 5-7: homeostasis and response, inheritance variation and evolution, ecology). Each 1h45, 100 marks, 50 percent.","B5.7c Selective Breeding, Genetic Engineering and Cloning","Selective breeding process and the characteristics chosen: disease resistance, yield, temperament, appearance; Risks of inbreeding: reduced gene pool, inherited defects, vulnerability to disease; Genetic engineering steps: isolate the gene with enzymes, insert into a vector such as a plasmid or virus, transfer to the target cell at an early stage; GM crops: herbicide and insect resistance, increased yield, golden rice and added vitamins; Concerns about GM crops: effects on wild flowers and insects, uncertain long-term health effects; Genetically modified bacteria producing human insulin; Potential of gene therapy for inherited disorders; Tissue culture using small groups of cells to grow identical plants; Taking cuttings as a simple cloning method for gardeners; Embryo transplants in cattle: splitting an embryo before cells specialise; Adult cell cloning: enucleated egg cell, nucleus from an adult body cell, electric shock, implantation","https://www.aqa.org.uk/subjects/science/gcse/biology-8461/assessment-resources","BBC Bitesize GCSE Biology (AQA): https://www.bbc.co.uk/bitesize/examspecs/zpgcbk7 | Free Science Lessons video course: https://www.freesciencelessons.co.uk/ | Cognito free GCSE science videos and quizzes: https://www.cognitoedu.org/ | Physics and Maths Tutor AQA Biology topic questions: https://www.physicsandmathstutor.com/ | Seneca Learning free AQA Biology course: https://senecalearning.com/","7","4","VERIFIED from the KEFW Biology Curriculum Intent PDF, which states the Triple Biology GCSE examination is conducted by AQA. Spec code 8461. Year 11 units below (B5.6 Ecology and B5.7 Inheritance, variation and evolution) are taken directly from the KEFW Year 11 curriculum document."
"Chemistry (Triple)","AQA","yes","8462","Higher tier","Paper 1 (topics 1-5: atomic structure, bonding, quantitative chemistry, chemical changes, energy changes) and Paper 2 (topics 6-10: rate and extent of change, organic chemistry, chemical analysis, chemistry of the atmosphere, using resources). Each 1h45, 100 marks, 50 percent.","C4 Chemical Changes Part 2: Electrolysis","Electrolytes, electrodes, anode and cathode, and why ions must be free to move; Electrolysis of molten ionic compounds: metal at the cathode, non-metal at the anode; Electrolysis of aqueous solutions and the rules for which product forms; Cathode rule: hydrogen forms unless the metal is less reactive than hydrogen; Anode rule: oxygen forms unless a halide ion is present, in which case the halogen forms; Writing half equations at each electrode and balancing electrons; Extraction of aluminium from bauxite, and why cryolite is added; Why electrolysis is used for metals more reactive than carbon; Required practical: electrolysis of aqueous solutions using inert electrodes; Oxidation is loss, reduction is gain of electrons (OILRIG); The reactivity series, displacement reactions and reduction of metal oxides by carbon","https://www.aqa.org.uk/subjects/science/gcse/chemistry-8462/assessment-resources","BBC Bitesize GCSE Chemistry (AQA): https://www.bbc.co.uk/bitesize/examspecs/z8xtmnb | Free Science Lessons video course: https://www.freesciencelessons.co.uk/ | Cognito free GCSE chemistry videos and quizzes: https://www.cognitoedu.org/ | Physics and Maths Tutor AQA Chemistry topic questions: https://www.physicsandmathstutor.com/ | Seneca Learning free AQA Chemistry course: https://senecalearning.com/","9","4","VERIFIED from the KEFW Chemistry Curriculum Intent PDF, which names AQA specification 8462 explicitly. The four Year 11 units below (chemical changes part 2, organic chemistry, chemical analysis, using resources) are taken directly from the KEFW Year 11 curriculum document."
"Chemistry (Triple)","AQA","yes","8462","Higher tier","Paper 1 (topics 1-5: atomic structure, bonding, quantitative chemistry, chemical changes, energy changes) and Paper 2 (topics 6-10: rate and extent of change, organic chemistry, chemical analysis, chemistry of the atmosphere, using resources). Each 1h45, 100 marks, 50 percent.","C7 Organic Chemistry","Crude oil as a finite resource formed from ancient biomass, and as a mixture of hydrocarbons; Fractional distillation and the temperature gradient in the column; Fractions: LPG, petrol, kerosene, diesel, heavy fuel oil, bitumen; Alkanes as a homologous series, general formula CnH2n+2, first four members; How boiling point, viscosity and flammability change with chain length; Complete combustion products and the meaning of oxidation of carbon and hydrogen; Cracking by thermal and catalytic methods, and why it is economically important; Alkenes, general formula CnH2n, functional group C double bond C; Bromine water test: orange to colourless with alkenes; Addition reactions of alkenes with hydrogen, water and halogens; Addition polymerisation of alkenes and drawing repeating units; Alcohols: methanol, ethanol, propanol, butanol; the OH functional group; Reactions of alcohols with sodium, in combustion, and with oxidising agents; Fermentation of sugar with yeast and the conditions required; Carboxylic acids: methanoic to butanoic, the COOH group, weak acid behaviour; Esters from an alcohol and a carboxylic acid with an acid catalyst; Condensation polymerisation and the loss of a small molecule; Natural polymers: starch, cellulose, proteins from amino acids, DNA from nucleotides","https://www.aqa.org.uk/subjects/science/gcse/chemistry-8462/assessment-resources","BBC Bitesize GCSE Chemistry (AQA): https://www.bbc.co.uk/bitesize/examspecs/z8xtmnb | Free Science Lessons video course: https://www.freesciencelessons.co.uk/ | Cognito free GCSE chemistry videos and quizzes: https://www.cognitoedu.org/ | Physics and Maths Tutor AQA Chemistry topic questions: https://www.physicsandmathstutor.com/ | Seneca Learning free AQA Chemistry course: https://senecalearning.com/","13","5","VERIFIED from the KEFW Chemistry Curriculum Intent PDF, which names AQA specification 8462 explicitly. The four Year 11 units below (chemical changes part 2, organic chemistry, chemical analysis, using resources) are taken directly from the KEFW Year 11 curriculum document."
"Chemistry (Triple)","AQA","yes","8462","Higher tier","Paper 1 (topics 1-5: atomic structure, bonding, quantitative chemistry, chemical changes, energy changes) and Paper 2 (topics 6-10: rate and extent of change, organic chemistry, chemical analysis, chemistry of the atmosphere, using resources). Each 1h45, 100 marks, 50 percent.","C8 Chemical Analysis","Pure substances versus mixtures, and using melting and boiling point to judge purity; Formulations as mixtures designed in measured quantities: fuels, alloys, paints, medicines; Paper chromatography: mobile and stationary phase, solvent front, baseline in pencil; Required practical: separating a mixture of dyes using chromatography and calculating Rf; Rf equals distance moved by substance divided by distance moved by solvent; Test for hydrogen: lit splint gives a squeaky pop; Test for oxygen: glowing splint relights; Test for carbon dioxide: limewater turns milky; Test for chlorine: damp litmus paper is bleached white; Flame tests: lithium crimson, sodium yellow, potassium lilac, calcium orange-red, copper green; Sodium hydroxide precipitates: aluminium white then dissolving, calcium white, magnesium white, copper blue, iron(II) green, iron(III) brown; Carbonate test with dilute acid, halide test with silver nitrate, sulfate test with barium chloride; Required practical: identifying ions by chemical and spectroscopic means; Flame emission spectroscopy and instrumental methods; Advantages of instrumental methods: accurate, sensitive, rapid, work on tiny samples","https://www.aqa.org.uk/subjects/science/gcse/chemistry-8462/assessment-resources","BBC Bitesize GCSE Chemistry (AQA): https://www.bbc.co.uk/bitesize/examspecs/z8xtmnb | Free Science Lessons video course: https://www.freesciencelessons.co.uk/ | Cognito free GCSE chemistry videos and quizzes: https://www.cognitoedu.org/ | Physics and Maths Tutor AQA Chemistry topic questions: https://www.physicsandmathstutor.com/ | Seneca Learning free AQA Chemistry course: https://senecalearning.com/","12","5","VERIFIED from the KEFW Chemistry Curriculum Intent PDF, which names AQA specification 8462 explicitly. The four Year 11 units below (chemical changes part 2, organic chemistry, chemical analysis, using resources) are taken directly from the KEFW Year 11 curriculum document."
"Chemistry (Triple)","AQA","yes","8462","Higher tier","Paper 1 (topics 1-5: atomic structure, bonding, quantitative chemistry, chemical changes, energy changes) and Paper 2 (topics 6-10: rate and extent of change, organic chemistry, chemical analysis, chemistry of the atmosphere, using resources). Each 1h45, 100 marks, 50 percent.","C10 Using Resources","Finite versus renewable resources, and the role of chemistry in sustainable development; Life cycle assessment stages: raw material extraction, manufacture and packaging, use and operation, disposal at end of life; Why some parts of an LCA involve subjective judgement; Reduce, reuse and recycle, and the energy savings of recycling metals and glass; Potable water: not the same as pure water; UK sources and treatment; Water treatment steps: filtration through wire mesh and sand, sterilisation by chlorine, ozone or UV; Desalination by distillation or reverse osmosis, and its high energy cost; Required practical: analysis and purification of a water sample including distillation; Waste water treatment: screening, sedimentation into sludge and effluent, anaerobic digestion of sludge, aerobic biological treatment of effluent; Corrosion and rusting: iron needs both water and oxygen; barrier methods and sacrificial protection; Alloys: bronze, brass, gold carats, steels including high carbon, low carbon and stainless; Aluminium alloys for aircraft; comparison of low-density and corrosion resistance; Ceramics: soda-lime glass, borosilicate glass, clay ceramics; Polymers: thermosoftening versus thermosetting, and the effect of cross-links; Composites and how the matrix and reinforcement work together; Phytomining and bioleaching for extracting copper from low-grade ores","https://www.aqa.org.uk/subjects/science/gcse/chemistry-8462/assessment-resources","BBC Bitesize GCSE Chemistry (AQA): https://www.bbc.co.uk/bitesize/examspecs/z8xtmnb | Free Science Lessons video course: https://www.freesciencelessons.co.uk/ | Cognito free GCSE chemistry videos and quizzes: https://www.cognitoedu.org/ | Physics and Maths Tutor AQA Chemistry topic questions: https://www.physicsandmathstutor.com/ | Seneca Learning free AQA Chemistry course: https://senecalearning.com/","12","5","VERIFIED from the KEFW Chemistry Curriculum Intent PDF, which names AQA specification 8462 explicitly. The four Year 11 units below (chemical changes part 2, organic chemistry, chemical analysis, using resources) are taken directly from the KEFW Year 11 curriculum document."
"Chemistry (Triple)","AQA","yes","8462","Higher tier","Paper 1 (topics 1-5: atomic structure, bonding, quantitative chemistry, chemical changes, energy changes) and Paper 2 (topics 6-10: rate and extent of change, organic chemistry, chemical analysis, chemistry of the atmosphere, using resources). Each 1h45, 100 marks, 50 percent.","C6/C10 The Haber Process and NPK Fertilisers","Raw materials: nitrogen from air, hydrogen from natural gas; Conditions: 450 degrees Celsius, 200 atmospheres, iron catalyst; The reversible reaction N2 + 3H2 in equilibrium with 2NH3 and the forward reaction being exothermic; Le Chateliers principle applied to temperature and pressure changes; Why 450 degrees Celsius is a compromise between yield and rate; Why very high pressure is limited by cost and safety; Recycling unreacted nitrogen and hydrogen; NPK fertilisers and the three essential elements; Making ammonium nitrate, ammonium sulfate and phosphate fertilisers; Comparing industrial and laboratory preparation of ammonium sulfate","https://www.aqa.org.uk/subjects/science/gcse/chemistry-8462/assessment-resources","BBC Bitesize GCSE Chemistry (AQA): https://www.bbc.co.uk/bitesize/examspecs/z8xtmnb | Free Science Lessons video course: https://www.freesciencelessons.co.uk/ | Cognito free GCSE chemistry videos and quizzes: https://www.cognitoedu.org/ | Physics and Maths Tutor AQA Chemistry topic questions: https://www.physicsandmathstutor.com/ | Seneca Learning free AQA Chemistry course: https://senecalearning.com/","7","3","VERIFIED from the KEFW Chemistry Curriculum Intent PDF, which names AQA specification 8462 explicitly. The four Year 11 units below (chemical changes part 2, organic chemistry, chemical analysis, using resources) are taken directly from the KEFW Year 11 curriculum document."
"Chemistry (Triple)","AQA","yes","8462","Higher tier","Paper 1 (topics 1-5: atomic structure, bonding, quantitative chemistry, chemical changes, energy changes) and Paper 2 (topics 6-10: rate and extent of change, organic chemistry, chemical analysis, chemistry of the atmosphere, using resources). Each 1h45, 100 marks, 50 percent.","Retrieval: Quantitative Chemistry, Rates and Equilibrium","Relative formula mass and conservation of mass in balanced equations; Moles: mass divided by relative formula mass, and Avogadros constant; Using mole ratios to find reacting masses; Limiting reactants and reactants in excess; Concentration in grams per cubic decimetre and moles per cubic decimetre; Titration calculations and the required practical technique; Percentage yield and reasons why yield is less than 100 percent; Atom economy and why high atom economy matters industrially; Volumes of gases at room temperature and pressure, 24 dm3 per mole; Collision theory and factors affecting rate: concentration, pressure, surface area, temperature, catalysts; Required practical: investigating the rate of reaction by measuring gas volume or turbidity; Calculating mean rate of reaction and drawing tangents to find rate at a given time; Reversible reactions, dynamic equilibrium and closed systems","https://www.aqa.org.uk/subjects/science/gcse/chemistry-8462/assessment-resources","BBC Bitesize GCSE Chemistry (AQA): https://www.bbc.co.uk/bitesize/examspecs/z8xtmnb | Free Science Lessons video course: https://www.freesciencelessons.co.uk/ | Cognito free GCSE chemistry videos and quizzes: https://www.cognitoedu.org/ | Physics and Maths Tutor AQA Chemistry topic questions: https://www.physicsandmathstutor.com/ | Seneca Learning free AQA Chemistry course: https://senecalearning.com/","10","4","VERIFIED from the KEFW Chemistry Curriculum Intent PDF, which names AQA specification 8462 explicitly. The four Year 11 units below (chemical changes part 2, organic chemistry, chemical analysis, using resources) are taken directly from the KEFW Year 11 curriculum document."
"Physics (Triple)","AQA","yes","8463","Higher tier","Paper 1 (energy, electricity, particle model, atomic structure) and Paper 2 (forces, waves, magnetism and electromagnetism, space physics). Each 1h45, 100 marks, 50 percent.","P7.1 Magnetism and the Motor Effect","Poles of a magnet, attraction and repulsion, and magnetic field patterns; Permanent magnets versus induced magnetism, and why induced magnetism is always attractive; Magnetic materials: iron, steel, cobalt, nickel; Using a plotting compass to map a field, and the Earths magnetic field as evidence of a magnetic core; Field around a straight current-carrying wire and the right-hand grip rule; Field of a solenoid, and how a soft iron core makes an electromagnet; The motor effect and the equation F equals B times I times l; Flemings left-hand rule: thumb motion, first finger field, second finger current; How a direct current electric motor works, including the role of the split-ring commutator; How a moving-coil loudspeaker converts variations in current into pressure variations","https://www.aqa.org.uk/subjects/science/gcse/physics-8463/assessment-resources","BBC Bitesize GCSE Physics (AQA): https://www.bbc.co.uk/bitesize/examspecs/zsc9rdm | Free Science Lessons video course: https://www.freesciencelessons.co.uk/ | Cognito free GCSE physics videos and quizzes: https://www.cognitoedu.org/ | Physics and Maths Tutor AQA Physics topic questions: https://www.physicsandmathstutor.com/ | Seneca Learning free AQA Physics course: https://senecalearning.com/","7","4","VERIFIED from the KEFW Physics Curriculum Intent PDFs, which cite AQA specification reference numbers (4.7.1, 4.4.2, 4.4.4, 4.3.1) matching AQA GCSE Physics 8463. The Year 11 units below (electromagnetism, nuclear and space, matter and pressure) are taken directly from the KEFW Year 11 curriculum document."
"Physics (Triple)","AQA","yes","8463","Higher tier","Paper 1 (energy, electricity, particle model, atomic structure) and Paper 2 (forces, waves, magnetism and electromagnetism, space physics). Each 1h45, 100 marks, 50 percent.","P7.3 Induced Potential, Generators and Transformers","The generator effect: moving a conductor in a magnetic field induces a potential difference; How reversing the direction of motion or the field reverses the induced potential difference; How the induced current creates a magnetic field that opposes the original change; The alternator producing alternating current using slip rings; The dynamo producing direct current using a split-ring commutator; How a microphone converts pressure variations into variations in current; Structure of a transformer: primary and secondary coils on an iron core; The transformer equation Vp over Vs equals np over ns; Power in an ideal transformer: Vp times Ip equals Vs times Is; Step-up transformers at the power station and step-down transformers near consumers; Why the National Grid transmits at high voltage and low current to reduce heating losses","https://www.aqa.org.uk/subjects/science/gcse/physics-8463/assessment-resources","BBC Bitesize GCSE Physics (AQA): https://www.bbc.co.uk/bitesize/examspecs/zsc9rdm | Free Science Lessons video course: https://www.freesciencelessons.co.uk/ | Cognito free GCSE physics videos and quizzes: https://www.cognitoedu.org/ | Physics and Maths Tutor AQA Physics topic questions: https://www.physicsandmathstutor.com/ | Seneca Learning free AQA Physics course: https://senecalearning.com/","7","4","VERIFIED from the KEFW Physics Curriculum Intent PDFs, which cite AQA specification reference numbers (4.7.1, 4.4.2, 4.4.4, 4.3.1) matching AQA GCSE Physics 8463. The Year 11 units below (electromagnetism, nuclear and space, matter and pressure) are taken directly from the KEFW Year 11 curriculum document."
"Physics (Triple)","AQA","yes","8463","Higher tier","Paper 1 (energy, electricity, particle model, atomic structure) and Paper 2 (forces, waves, magnetism and electromagnetism, space physics). Each 1h45, 100 marks, 50 percent.","P4 Atomic Structure and Radioactivity","Structure of the atom: radius 1 times 10 to the minus 10 metres, nucleus 1 times 10 to the minus 14 metres; Relative charges and masses of protons, neutrons and electrons; Atomic number, mass number, isotopes and ions; Electron energy levels, absorption and emission of electromagnetic radiation; Development of the model: plum pudding, Rutherford alpha scattering, Bohr, discovery of the neutron; Alpha, beta, gamma and neutron radiation: nature, penetration, ionising power; Writing nuclear decay equations and balancing mass and atomic numbers; Activity in becquerel, and the use of a Geiger-Muller tube; Half-life, and calculating net decline as a ratio; Contamination versus irradiation, and appropriate precautions; Hazards of radiation and the importance of peer review of findings; Background radiation sources and units of dose in sieverts; Uses of radiation: medical tracers, gamma therapy, sterilisation of instruments","https://www.aqa.org.uk/subjects/science/gcse/physics-8463/assessment-resources","BBC Bitesize GCSE Physics (AQA): https://www.bbc.co.uk/bitesize/examspecs/zsc9rdm | Free Science Lessons video course: https://www.freesciencelessons.co.uk/ | Cognito free GCSE physics videos and quizzes: https://www.cognitoedu.org/ | Physics and Maths Tutor AQA Physics topic questions: https://www.physicsandmathstutor.com/ | Seneca Learning free AQA Physics course: https://senecalearning.com/","10","4","VERIFIED from the KEFW Physics Curriculum Intent PDFs, which cite AQA specification reference numbers (4.7.1, 4.4.2, 4.4.4, 4.3.1) matching AQA GCSE Physics 8463. The Year 11 units below (electromagnetism, nuclear and space, matter and pressure) are taken directly from the KEFW Year 11 curriculum document."
"Physics (Triple)","AQA","yes","8463","Higher tier","Paper 1 (energy, electricity, particle model, atomic structure) and Paper 2 (forces, waves, magnetism and electromagnetism, space physics). Each 1h45, 100 marks, 50 percent.","P4.4 Nuclear Fission and Fusion","Fission as the splitting of a large unstable nucleus, usually after absorbing a neutron; Products of fission: two smaller nuclei, two or three neutrons, and gamma rays; Energy released in fission and the chain reaction; Control rods absorbing neutrons, and the role of the moderator and coolant; The difference between a controlled chain reaction in a reactor and an uncontrolled one; Fusion as joining two light nuclei to form a heavier nucleus; Why some mass is converted into energy during fusion; Conditions required for fusion: extremely high temperature and pressure; Why fusion is difficult to achieve on Earth; Comparing fission and fusion in terms of fuel, waste and conditions","https://www.aqa.org.uk/subjects/science/gcse/physics-8463/assessment-resources","BBC Bitesize GCSE Physics (AQA): https://www.bbc.co.uk/bitesize/examspecs/zsc9rdm | Free Science Lessons video course: https://www.freesciencelessons.co.uk/ | Cognito free GCSE physics videos and quizzes: https://www.cognitoedu.org/ | Physics and Maths Tutor AQA Physics topic questions: https://www.physicsandmathstutor.com/ | Seneca Learning free AQA Physics course: https://senecalearning.com/","6","3","VERIFIED from the KEFW Physics Curriculum Intent PDFs, which cite AQA specification reference numbers (4.7.1, 4.4.2, 4.4.4, 4.3.1) matching AQA GCSE Physics 8463. The Year 11 units below (electromagnetism, nuclear and space, matter and pressure) are taken directly from the KEFW Year 11 curriculum document."
"Physics (Triple)","AQA","yes","8463","Higher tier","Paper 1 (energy, electricity, particle model, atomic structure) and Paper 2 (forces, waves, magnetism and electromagnetism, space physics). Each 1h45, 100 marks, 50 percent.","P8 Space Physics","The solar system: the Sun, eight planets, dwarf planets, moons and artificial satellites; How a star forms from a nebula pulled together by gravity, becoming a protostar; Main sequence stability: outward radiation pressure balancing inward gravity; Life cycle of a star the size of the Sun: red giant, white dwarf; Life cycle of a star much larger than the Sun: red supergiant, supernova, neutron star or black hole; Fusion of hydrogen into helium and the formation of heavier elements up to iron in the core; How elements heavier than iron are produced in a supernova and distributed; Orbital motion: gravity providing the centripetal force and changing direction not speed; Why a faster orbital speed is needed for a smaller radius orbit; Red-shift of light from distant galaxies and the evidence it provides; Why the observation that more distant galaxies recede faster supports the Big Bang; Dark mass and dark energy as current uncertainties","https://www.aqa.org.uk/subjects/science/gcse/physics-8463/assessment-resources","BBC Bitesize GCSE Physics (AQA): https://www.bbc.co.uk/bitesize/examspecs/zsc9rdm | Free Science Lessons video course: https://www.freesciencelessons.co.uk/ | Cognito free GCSE physics videos and quizzes: https://www.cognitoedu.org/ | Physics and Maths Tutor AQA Physics topic questions: https://www.physicsandmathstutor.com/ | Seneca Learning free AQA Physics course: https://senecalearning.com/","8","4","VERIFIED from the KEFW Physics Curriculum Intent PDFs, which cite AQA specification reference numbers (4.7.1, 4.4.2, 4.4.4, 4.3.1) matching AQA GCSE Physics 8463. The Year 11 units below (electromagnetism, nuclear and space, matter and pressure) are taken directly from the KEFW Year 11 curriculum document."
"Physics (Triple)","AQA","yes","8463","Higher tier","Paper 1 (energy, electricity, particle model, atomic structure) and Paper 2 (forces, waves, magnetism and electromagnetism, space physics). Each 1h45, 100 marks, 50 percent.","P3 Particle Model: Density, Energy Transfer and Pressure","Density equals mass over volume, and required practical for regular and irregular solids and liquids; Particle model explanations of the differences between solids, liquids and gases; Internal energy as the total kinetic and potential energy of the particles; Specific heat capacity, E equals m c delta theta, and the required practical; Specific latent heat of fusion and of vaporisation, E equals m L; Heating and cooling graphs and why temperature is constant during a change of state; Conservation of mass during changes of state and why they are physical not chemical changes; Gas pressure from particle collisions with container walls; Effect of temperature on gas pressure at constant volume; Pressure and volume at constant temperature, p V equals constant; Doing work on a gas increasing its internal energy and temperature; Pressure in a column of liquid p equals h rho g; Upthrust, floating and sinking, and atmospheric pressure varying with altitude","https://www.aqa.org.uk/subjects/science/gcse/physics-8463/assessment-resources","BBC Bitesize GCSE Physics (AQA): https://www.bbc.co.uk/bitesize/examspecs/zsc9rdm | Free Science Lessons video course: https://www.freesciencelessons.co.uk/ | Cognito free GCSE physics videos and quizzes: https://www.cognitoedu.org/ | Physics and Maths Tutor AQA Physics topic questions: https://www.physicsandmathstutor.com/ | Seneca Learning free AQA Physics course: https://senecalearning.com/","10","4","VERIFIED from the KEFW Physics Curriculum Intent PDFs, which cite AQA specification reference numbers (4.7.1, 4.4.2, 4.4.4, 4.3.1) matching AQA GCSE Physics 8463. The Year 11 units below (electromagnetism, nuclear and space, matter and pressure) are taken directly from the KEFW Year 11 curriculum document."
"Physics (Triple)","AQA","yes","8463","Higher tier","Paper 1 (energy, electricity, particle model, atomic structure) and Paper 2 (forces, waves, magnetism and electromagnetism, space physics). Each 1h45, 100 marks, 50 percent.","Retrieval: Required Equations and Practical Skills","The 23 equations that must be recalled from memory for AQA Physics; Equations provided in the exam and how to select the right one; SI units and unit conversions: kilo, centi, milli, micro, nano; Significant figures, standard form and giving answers to a sensible precision; Rearranging equations before substituting values; Drawing tables and graphs, choosing scales, plotting and lines of best fit; Calculating gradients and areas under graphs and interpreting their meaning; Independent, dependent and control variables; Repeat readings, anomalies, accuracy, precision, resolution and uncertainty; The ten required practicals and a typical method and risk for each; Command words: state, describe, explain, calculate, evaluate, compare","https://www.aqa.org.uk/subjects/science/gcse/physics-8463/assessment-resources","BBC Bitesize GCSE Physics (AQA): https://www.bbc.co.uk/bitesize/examspecs/zsc9rdm | Free Science Lessons video course: https://www.freesciencelessons.co.uk/ | Cognito free GCSE physics videos and quizzes: https://www.cognitoedu.org/ | Physics and Maths Tutor AQA Physics topic questions: https://www.physicsandmathstutor.com/ | Seneca Learning free AQA Physics course: https://senecalearning.com/","9","3","VERIFIED from the KEFW Physics Curriculum Intent PDFs, which cite AQA specification reference numbers (4.7.1, 4.4.2, 4.4.4, 4.3.1) matching AQA GCSE Physics 8463. The Year 11 units below (electromagnetism, nuclear and space, matter and pressure) are taken directly from the KEFW Year 11 curriculum document."
"Geography","Pearson Edexcel B","yes","1GB0","Single tier","Paper 1 Global Geographical Issues (1h30, 37.5%). Paper 2 UK Geographical Issues incl. fieldwork (1h30, 37.5%). Paper 3 People and Environment Issues - Making Geographical Decisions (1h30, 25%).","Topic 1a Hazardous Earth: Climate and Tropical Cyclones","Global atmospheric circulation: Hadley, Ferrel and Polar cells; Low pressure at the equator, high pressure at 30 degrees, and the resulting climate zones; Ocean currents, the global conveyor belt and their role in redistributing heat; Natural climate change: orbital changes, volcanic activity, solar output, asteroid impacts; Evidence for climate change: ice cores, tree rings, historical records, sea level and glacial retreat; The enhanced greenhouse effect and human causes of climate change; Uneven global consequences of climate change for people and the environment; Distribution of tropical cyclones and the conditions needed to form them; Formation and structure of a tropical cyclone including the eye and eye wall; The Saffir-Simpson scale; Primary and secondary hazards: storm surge, high winds, intense rainfall, flooding, landslides; How physical and human factors affect vulnerability and resilience; Named case study of a tropical cyclone in a developed country; Named case study of a tropical cyclone in an emerging or developing country; Preparation, planning, prediction and protection responses","https://qualifications.pearson.com/en/qualifications/edexcel-gcses/geography-b-2016.coursematerials.html","BBC Bitesize GCSE Geography (Edexcel): https://www.bbc.co.uk/bitesize/examspecs/zsytxsg | MME Revise GCSE Geography revision: https://mmerevise.co.uk/ | Physics and Maths Tutor GCSE Geography notes: https://www.physicsandmathstutor.com/ | Seneca Learning free GCSE Geography course: https://senecalearning.com/","9","4","VERIFIED by topic structure: the KEFW Geography Curriculum Intent PDFs use the exact numbered topic titles unique to Pearson Edexcel GCSE Geography B (1GB0) - Hazardous Earth, Development Dynamics, Challenges of an Urbanising World, UK Physical Landscapes 4A/4B, UK Evolving Human Landscape, Geographical Investigations, People and Biomes, Forests Under Threat, Consuming Energy Resources. The board name itself is not printed in the PDF, so treat the board as inferred-with-high-confidence rather than stated."
"Geography","Pearson Edexcel B","yes","1GB0","Single tier","Paper 1 Global Geographical Issues (1h30, 37.5%). Paper 2 UK Geographical Issues incl. fieldwork (1h30, 37.5%). Paper 3 People and Environment Issues - Making Geographical Decisions (1h30, 25%).","Topic 1b Hazardous Earth: Tectonic Hazards","Internal structure of the Earth: inner core, outer core, mantle, crust; Convection currents, ridge push and slab pull as drivers of plate movement; Plate boundary types: divergent, convergent, conservative and collision; Distribution of earthquakes and volcanoes and their link to plate boundaries; Hotspots and intra-plate volcanic activity; Types of volcano and characteristic eruption styles; Primary and secondary earthquake hazards: ground shaking, liquefaction, tsunami, fires, disease; Measuring earthquakes and volcanic eruptions; Named case study of a tectonic hazard in a developed country; Named case study of a tectonic hazard in an emerging or developing country; Why people continue to live in tectonically active areas; Management: prediction, building design, planning, education and emergency response","https://qualifications.pearson.com/en/qualifications/edexcel-gcses/geography-b-2016.coursematerials.html","BBC Bitesize GCSE Geography (Edexcel): https://www.bbc.co.uk/bitesize/examspecs/zsytxsg | MME Revise GCSE Geography revision: https://mmerevise.co.uk/ | Physics and Maths Tutor GCSE Geography notes: https://www.physicsandmathstutor.com/ | Seneca Learning free GCSE Geography course: https://senecalearning.com/","7","3","VERIFIED by topic structure: the KEFW Geography Curriculum Intent PDFs use the exact numbered topic titles unique to Pearson Edexcel GCSE Geography B (1GB0) - Hazardous Earth, Development Dynamics, Challenges of an Urbanising World, UK Physical Landscapes 4A/4B, UK Evolving Human Landscape, Geographical Investigations, People and Biomes, Forests Under Threat, Consuming Energy Resources. The board name itself is not printed in the PDF, so treat the board as inferred-with-high-confidence rather than stated."
"Geography","Pearson Edexcel B","yes","1GB0","Single tier","Paper 1 Global Geographical Issues (1h30, 37.5%). Paper 2 UK Geographical Issues incl. fieldwork (1h30, 37.5%). Paper 3 People and Environment Issues - Making Geographical Decisions (1h30, 25%).","Topic 2 Development Dynamics (India case study)","Measuring development: GNI per capita, HDI, birth and death rates, literacy, life expectancy; Limitations of single indicators and the value of composite measures; The development gap and global patterns of inequality; Theories of development: Rostows modernisation model and Franks dependency theory; Demographic transition model stages and their link to development; Top-down versus bottom-up development strategies and their advantages; India: location, physical context, climate and population distribution; Indias changing economic sectors and the growth of manufacturing and services; The role of TNCs, globalisation and foreign direct investment in India; Advantages and disadvantages of TNC investment for India; Indias changing geopolitical role and regional relationships; Impacts of rapid growth on Indias environment and on inequality between states; Who benefits and who loses from rapid development","https://qualifications.pearson.com/en/qualifications/edexcel-gcses/geography-b-2016.coursematerials.html","BBC Bitesize GCSE Geography (Edexcel): https://www.bbc.co.uk/bitesize/examspecs/zsytxsg | MME Revise GCSE Geography revision: https://mmerevise.co.uk/ | Physics and Maths Tutor GCSE Geography notes: https://www.physicsandmathstutor.com/ | Seneca Learning free GCSE Geography course: https://senecalearning.com/","7","4","VERIFIED by topic structure: the KEFW Geography Curriculum Intent PDFs use the exact numbered topic titles unique to Pearson Edexcel GCSE Geography B (1GB0) - Hazardous Earth, Development Dynamics, Challenges of an Urbanising World, UK Physical Landscapes 4A/4B, UK Evolving Human Landscape, Geographical Investigations, People and Biomes, Forests Under Threat, Consuming Energy Resources. The board name itself is not printed in the PDF, so treat the board as inferred-with-high-confidence rather than stated."
"Geography","Pearson Edexcel B","yes","1GB0","Single tier","Paper 1 Global Geographical Issues (1h30, 37.5%). Paper 2 UK Geographical Issues incl. fieldwork (1h30, 37.5%). Paper 3 People and Environment Issues - Making Geographical Decisions (1h30, 25%).","Topic 3 Challenges of an Urbanising World (Mumbai case study)","Global urbanisation trends and contrasts between developed, emerging and developing countries; Causes of urbanisation: rural-urban migration and natural increase; Push and pull factors driving rural-urban migration; Megacities, world cities and their global distribution; Mumbai: site, situation, connectivity and reasons for growth; Mumbais land use pattern and functional zones; Quality of life contrasts within Mumbai; Dharavi as an informal settlement: housing, services, informal economy, recycling industry; Opportunities of living in Mumbai: employment, education, healthcare, services; Challenges: overcrowding, water and sanitation, traffic congestion, air pollution, informal work; Top-down redevelopment such as Vision Mumbai, and bottom-up self-help schemes; Making urban living more sustainable: transport, water, waste and energy","https://qualifications.pearson.com/en/qualifications/edexcel-gcses/geography-b-2016.coursematerials.html","BBC Bitesize GCSE Geography (Edexcel): https://www.bbc.co.uk/bitesize/examspecs/zsytxsg | MME Revise GCSE Geography revision: https://mmerevise.co.uk/ | Physics and Maths Tutor GCSE Geography notes: https://www.physicsandmathstutor.com/ | Seneca Learning free GCSE Geography course: https://senecalearning.com/","7","4","VERIFIED by topic structure: the KEFW Geography Curriculum Intent PDFs use the exact numbered topic titles unique to Pearson Edexcel GCSE Geography B (1GB0) - Hazardous Earth, Development Dynamics, Challenges of an Urbanising World, UK Physical Landscapes 4A/4B, UK Evolving Human Landscape, Geographical Investigations, People and Biomes, Forests Under Threat, Consuming Energy Resources. The board name itself is not printed in the PDF, so treat the board as inferred-with-high-confidence rather than stated."
"Geography","Pearson Edexcel B","yes","1GB0","Single tier","Paper 1 Global Geographical Issues (1h30, 37.5%). Paper 2 UK Geographical Issues incl. fieldwork (1h30, 37.5%). Paper 3 People and Environment Issues - Making Geographical Decisions (1h30, 25%).","Topic 6 Geographical Investigations (Human and Physical Fieldwork)","Formulating a geographical question or hypothesis; Sampling strategies: random, systematic, stratified, and justifying the choice; Quantitative methods: counts, measurements, questionnaires with closed questions; Qualitative methods: field sketches, photographs, environmental quality surveys, interviews; Risk assessment and how risks are reduced; Human fieldwork enquiry: variations in quality of life within an urban area; Physical fieldwork enquiry: coastal or river landscape processes and management; Secondary data sources: census data, Environment Agency data, OS maps, GIS; Presenting data: located bars, choropleth, proportional symbols, scatter graphs, radar charts; Analysis using measures of central tendency, range and interquartile range; Drawing conclusions that answer the original question; Evaluating reliability, accuracy, limitations and how the enquiry could be improved; Map skills: four and six figure grid references, scale, distance, direction, relief and contours","https://qualifications.pearson.com/en/qualifications/edexcel-gcses/geography-b-2016.coursematerials.html","BBC Bitesize GCSE Geography (Edexcel): https://www.bbc.co.uk/bitesize/examspecs/zsytxsg | MME Revise GCSE Geography revision: https://mmerevise.co.uk/ | Physics and Maths Tutor GCSE Geography notes: https://www.physicsandmathstutor.com/ | Seneca Learning free GCSE Geography course: https://senecalearning.com/","7","4","VERIFIED by topic structure: the KEFW Geography Curriculum Intent PDFs use the exact numbered topic titles unique to Pearson Edexcel GCSE Geography B (1GB0) - Hazardous Earth, Development Dynamics, Challenges of an Urbanising World, UK Physical Landscapes 4A/4B, UK Evolving Human Landscape, Geographical Investigations, People and Biomes, Forests Under Threat, Consuming Energy Resources. The board name itself is not printed in the PDF, so treat the board as inferred-with-high-confidence rather than stated."
"Geography","Pearson Edexcel B","yes","1GB0","Single tier","Paper 1 Global Geographical Issues (1h30, 37.5%). Paper 2 UK Geographical Issues incl. fieldwork (1h30, 37.5%). Paper 3 People and Environment Issues - Making Geographical Decisions (1h30, 25%).","Paper 3 People and Environment Issues (Topics 7, 8 and 9)","Topic 7: global distribution of major biomes and the factors that control it; Net primary productivity and how it varies between biomes; How humans use and modify biomes, including biotic resources and food, energy and water demand; Topic 8: structure and layers of the tropical rainforest and its nutrient cycle; Rainforest adaptations of plants and animals and high biodiversity; Causes of deforestation: logging, mineral extraction, commercial farming, energy, settlement; Impacts of deforestation on climate, soil, water cycle and indigenous people; Taiga forest characteristics, low biodiversity and slow nutrient cycling; Threats to the taiga: logging, mining, fossil fuel extraction, acid rain, pests and fire; Conservation and sustainable management: protected areas, selective logging, replanting, ecotourism, CITES and international agreements; Topic 9: global energy mix and how energy consumption varies with development; Energy security, energy insecurity and the geopolitics of energy supply; Conventional and unconventional fossil fuels including tar sands, shale gas and deepwater oil; Environmental and economic costs of unconventional fossil fuel extraction; Renewable and recyclable energy options and their advantages and limitations; Energy futures: business as usual versus a sustainable pathway; Answering the Paper 3 decision-making question: reading the resource booklet, weighing options against criteria, justifying a choice and acknowledging drawbacks","https://qualifications.pearson.com/en/qualifications/edexcel-gcses/geography-b-2016.coursematerials.html","BBC Bitesize GCSE Geography (Edexcel): https://www.bbc.co.uk/bitesize/examspecs/zsytxsg | MME Revise GCSE Geography revision: https://mmerevise.co.uk/ | Physics and Maths Tutor GCSE Geography notes: https://www.physicsandmathstutor.com/ | Seneca Learning free GCSE Geography course: https://senecalearning.com/","9","4","VERIFIED by topic structure: the KEFW Geography Curriculum Intent PDFs use the exact numbered topic titles unique to Pearson Edexcel GCSE Geography B (1GB0) - Hazardous Earth, Development Dynamics, Challenges of an Urbanising World, UK Physical Landscapes 4A/4B, UK Evolving Human Landscape, Geographical Investigations, People and Biomes, Forests Under Threat, Consuming Energy Resources. The board name itself is not printed in the PDF, so treat the board as inferred-with-high-confidence rather than stated."
"Geography","Pearson Edexcel B","yes","1GB0","Single tier","Paper 1 Global Geographical Issues (1h30, 37.5%). Paper 2 UK Geographical Issues incl. fieldwork (1h30, 37.5%). Paper 3 People and Environment Issues - Making Geographical Decisions (1h30, 25%).","Retrieval: UK Physical and Evolving Human Landscapes (Topics 4 and 5)","UK geology: igneous, sedimentary and metamorphic rock and the upland-lowland divide; Past processes shaping UK landscapes: glaciation, tectonics, weathering; Topic 4A coasts: erosional processes of hydraulic action, abrasion, attrition and solution; Coastal landforms: headlands and bays, caves arches stacks stumps, wave-cut platforms, spits and bars; Longshore drift, deposition and the role of wave type; Coastal management: groynes, sea walls, rip rap, beach nourishment, managed retreat and their costs; Topic 4B rivers: the long profile, upper, middle and lower course characteristics; River landforms: waterfalls and gorges, meanders and ox-bow lakes, floodplains and levees, deltas; Causes of river flooding and the use of hydrographs; Hard and soft engineering flood management and cost-benefit judgements; Topic 5: how the UK population, economy and settlement pattern have changed; Causes of change: deindustrialisation, globalisation, migration, government policy; Birmingham case study: growth, functional zones, decline and regeneration; Inequality within Birmingham and the impact of national and international migration; Changing rural areas: accessible rural growth, remote rural decline, and rebranding","https://qualifications.pearson.com/en/qualifications/edexcel-gcses/geography-b-2016.coursematerials.html","BBC Bitesize GCSE Geography (Edexcel): https://www.bbc.co.uk/bitesize/examspecs/zsytxsg | MME Revise GCSE Geography revision: https://mmerevise.co.uk/ | Physics and Maths Tutor GCSE Geography notes: https://www.physicsandmathstutor.com/ | Seneca Learning free GCSE Geography course: https://senecalearning.com/","8","4","VERIFIED by topic structure: the KEFW Geography Curriculum Intent PDFs use the exact numbered topic titles unique to Pearson Edexcel GCSE Geography B (1GB0) - Hazardous Earth, Development Dynamics, Challenges of an Urbanising World, UK Physical Landscapes 4A/4B, UK Evolving Human Landscape, Geographical Investigations, People and Biomes, Forests Under Threat, Consuming Energy Resources. The board name itself is not printed in the PDF, so treat the board as inferred-with-high-confidence rather than stated."
"Spanish","Pearson Edexcel","yes","1SP1","Higher tier","Paper 1 Speaking (25%, school-arranged window). Paper 2 Listening (25%). Paper 3 Reading and translation into English (25%). Paper 4 Writing including translation into Spanish (25%). Higher tier.","Theme 1 Identity and Culture: Customs and Traditions","Festivals and celebrations in Spain and Latin America; Food, meals and regional specialities; Family celebrations and religious traditions; Describing a past celebration using the preterite and imperfect together; Expressing opinions with justification using porque, ya que and dado que; Comparatives and superlatives; Higher-tier vocabulary for cultural comparison; Photo-card description for the speaking exam","https://qualifications.pearson.com/en/qualifications/edexcel-gcses/spanish-2024.coursematerials.html","BBC Bitesize GCSE Spanish (Edexcel): https://www.bbc.co.uk/bitesize/examspecs/zwbhb7h | Memrise free Spanish vocabulary courses: https://www.memrise.com/ | MME Revise GCSE Spanish revision: https://mmerevise.co.uk/ | Seneca Learning free GCSE Spanish course: https://senecalearning.com/","5","3","Pearson Edexcel confirmed from the KEFW Spanish Curriculum Intent documents, which cite Pearson resources and the Edexcel vocabulary tool. Spec code updated to 1SP1: the reformed Spanish GCSE replaced 1SP0 for first teaching 2024, so summer 2027 is assessed on 1SP1. Verify with the school."
"Spanish","Pearson Edexcel","yes","1SP1","Higher tier","Paper 1 Speaking (25%, school-arranged window). Paper 2 Listening (25%). Paper 3 Reading and translation into English (25%). Paper 4 Writing including translation into Spanish (25%). Higher tier.","Theme 4 Future Aspirations, Study and Work","Jobs, professions and workplace vocabulary; Applying for work, CVs, interviews and work experience; Post-16 study choices, university and apprenticeships; Future plans using the near future and the simple future tense; The conditional tense to describe what you would like to do; Using the subjunctive after cuando and para que at higher level; Advantages and disadvantages of different careers; Role-play conventions for the speaking exam","https://qualifications.pearson.com/en/qualifications/edexcel-gcses/spanish-2024.coursematerials.html","BBC Bitesize GCSE Spanish (Edexcel): https://www.bbc.co.uk/bitesize/examspecs/zwbhb7h | Memrise free Spanish vocabulary courses: https://www.memrise.com/ | MME Revise GCSE Spanish revision: https://mmerevise.co.uk/ | Seneca Learning free GCSE Spanish course: https://senecalearning.com/","5","3","Pearson Edexcel confirmed from the KEFW Spanish Curriculum Intent documents, which cite Pearson resources and the Edexcel vocabulary tool. Spec code updated to 1SP1: the reformed Spanish GCSE replaced 1SP0 for first teaching 2024, so summer 2027 is assessed on 1SP1. Verify with the school."
"Spanish","Pearson Edexcel","yes","1SP1","Higher tier","Paper 1 Speaking (25%, school-arranged window). Paper 2 Listening (25%). Paper 3 Reading and translation into English (25%). Paper 4 Writing including translation into Spanish (25%). Higher tier.","Theme 5 International and Global Dimension","Environmental problems and solutions; Global events, sport and campaigns; Social issues: poverty, homelessness, volunteering; Debería and hay que for obligation and recommendation; The passive and impersonal se constructions; Se debe, se puede and es necesario que structures; Extended written response of 130 to 150 words with two tenses and opinions; Translation into and out of Spanish","https://qualifications.pearson.com/en/qualifications/edexcel-gcses/spanish-2024.coursematerials.html","BBC Bitesize GCSE Spanish (Edexcel): https://www.bbc.co.uk/bitesize/examspecs/zwbhb7h | Memrise free Spanish vocabulary courses: https://www.memrise.com/ | MME Revise GCSE Spanish revision: https://mmerevise.co.uk/ | Seneca Learning free GCSE Spanish course: https://senecalearning.com/","5","3","Pearson Edexcel confirmed from the KEFW Spanish Curriculum Intent documents, which cite Pearson resources and the Edexcel vocabulary tool. Spec code updated to 1SP1: the reformed Spanish GCSE replaced 1SP0 for first teaching 2024, so summer 2027 is assessed on 1SP1. Verify with the school."
"Spanish","Pearson Edexcel","yes","1SP1","Higher tier","Paper 1 Speaking (25%, school-arranged window). Paper 2 Listening (25%). Paper 3 Reading and translation into English (25%). Paper 4 Writing including translation into Spanish (25%). Higher tier.","Grammar Core and Exam Technique","Present tense: regular, radical-changing and irregular verbs; Ser versus estar; Preterite, imperfect, perfect, pluperfect, future and conditional; Present and imperfect subjunctive triggers; Direct and indirect object pronouns and their position; Reflexive verbs and reflexive pronouns; Adjective agreement and position; Por versus para; Listening exam strategy: reading questions first, catching numbers and negatives; Reading exam strategy: cognates, false friends and question order; Speaking exam: role play, photo card, general conversation timings; Writing exam: structure, tense variety, checking agreement and accents","https://qualifications.pearson.com/en/qualifications/edexcel-gcses/spanish-2024.coursematerials.html","BBC Bitesize GCSE Spanish (Edexcel): https://www.bbc.co.uk/bitesize/examspecs/zwbhb7h | Memrise free Spanish vocabulary courses: https://www.memrise.com/ | MME Revise GCSE Spanish revision: https://mmerevise.co.uk/ | Seneca Learning free GCSE Spanish course: https://senecalearning.com/","6","4","Pearson Edexcel confirmed from the KEFW Spanish Curriculum Intent documents, which cite Pearson resources and the Edexcel vocabulary tool. Spec code updated to 1SP1: the reformed Spanish GCSE replaced 1SP0 for first teaching 2024, so summer 2027 is assessed on 1SP1. Verify with the school."
"Religious Studies","AQA","yes","8062","Single tier","Paper 1 The study of religions: beliefs, teachings and practices (Christianity and Buddhism), 1h 45m, 96 marks, 50 percent. Paper 2A Thematic studies excluding textual studies, four themes, 1h 45m, 96 marks, 50 percent. Every question is a five-part question worth 24 marks with parts worth 1, 2, 4, 5 and 12 marks.","Christianity Beliefs and Teachings","The nature of God: omnipotent, omniscient, omnibenevolent, and God as just and the problem this creates with suffering; The Trinity: Father, Son and Holy Spirit as three persons in one God; Christian creation beliefs: Genesis 1 and 2, God as creator out of nothing (ex nihilo), and Christian responses to science; The incarnation: Jesus as fully God and fully human, and why this matters for salvation; Sin, the fall of Adam and Eve, and original sin; The crucifixion: why Jesus died and what atonement means; The resurrection and ascension, and why they matter for Christian belief in life after death; Salvation through grace, law and faith, and the role of Jesus as saviour; Christian beliefs about life after death: heaven, hell and judgement; Different Christian views on the nature of God, sin and salvation (Catholic vs Protestant, liberal vs literal); The problem of evil and suffering as a challenge to belief in an omnipotent, omnibenevolent God; Key events in the life of Jesus relevant to belief: baptism, temptation, transfiguration, Last Supper","https://www.aqa.org.uk/subjects/religious-studies/gcse/religious-studies-a-8062/assessment-resources","AQA GCSE Religious Studies A 8062 specification: https://www.aqa.org.uk/subjects/religious-studies/gcse/religious-studies-a-8062/specification | BBC Bitesize GCSE Religious Studies: https://www.bbc.co.uk/bitesize/subjects/zb48q6f | AQA Religious Studies A subject page: https://www.aqa.org.uk/subjects/religious-studies/gcse/religious-studies-a-8062 | Seneca Learning free AQA Religious Studies course: https://senecalearning.com/","12","5","VERIFIED from the King Edward VI Five Ways published examination boards list, which names AQA for RS. The KEFW Curriculum Intent documents confirm AQA Religious Studies A: two religions (Christianity and Buddhism) for Paper 1 and four of the six thematic studies for Paper 2."
"Religious Studies","AQA","yes","8062","Single tier","Paper 1 The study of religions: beliefs, teachings and practices (Christianity and Buddhism), 1h 45m, 96 marks, 50 percent. Paper 2A Thematic studies excluding textual studies, four themes, 1h 45m, 96 marks, 50 percent. Every question is a five-part question worth 24 marks with parts worth 1, 2, 4, 5 and 12 marks.","Christianity Practices","Different forms of worship: liturgical worship, non-liturgical service, informal worship and private worship; The nature and importance of prayer, including set prayers such as the Lord's Prayer and informal prayer; The sacraments and their meaning, especially baptism and Holy Communion (Eucharist); Infant baptism versus believers' baptism, and which denominations practise each; Different Christian understandings of Holy Communion, including transubstantiation and memorial views; Pilgrimage: reasons for pilgrimage and the importance of sites such as Lourdes; The role and importance of Christian festivals: Christmas and Easter, and how they are celebrated differently; The role of the church in the local community: food banks, street pastors, and other forms of practical support; The role of the church in the worldwide community: mission, evangelism and the Great Commission; Reasons for and importance of church growth: persecution of Christians and how churches respond; The importance of Agape (selfless love) in Christian charity work and reconciliation; Christian aid work: examples of Christian charities working on poverty and disaster relief","https://www.aqa.org.uk/subjects/religious-studies/gcse/religious-studies-a-8062/assessment-resources","AQA GCSE Religious Studies A 8062 specification: https://www.aqa.org.uk/subjects/religious-studies/gcse/religious-studies-a-8062/specification | BBC Bitesize GCSE Religious Studies: https://www.bbc.co.uk/bitesize/subjects/zb48q6f | AQA Religious Studies A subject page: https://www.aqa.org.uk/subjects/religious-studies/gcse/religious-studies-a-8062 | Seneca Learning free AQA Religious Studies course: https://senecalearning.com/","12","5","VERIFIED from the King Edward VI Five Ways published examination boards list, which names AQA for RS. The KEFW Curriculum Intent documents confirm AQA Religious Studies A: two religions (Christianity and Buddhism) for Paper 1 and four of the six thematic studies for Paper 2."
"Religious Studies","AQA","yes","8062","Single tier","Paper 1 The study of religions: beliefs, teachings and practices (Christianity and Buddhism), 1h 45m, 96 marks, 50 percent. Paper 2A Thematic studies excluding textual studies, four themes, 1h 45m, 96 marks, 50 percent. Every question is a five-part question worth 24 marks with parts worth 1, 2, 4, 5 and 12 marks.","Buddhism Beliefs and Teachings","The birth of the Buddha, Siddhartha Gautama, and his life of luxury as a prince; The Four Sights: an old man, a sick man, a dead man, and a holy man, and their significance for the Buddha's search; The Buddha's decision to leave the palace and live as an ascetic; The Buddha's Enlightenment under the Bodhi tree, including the temptations of Mara and the three watches of the night; The concept of Dhamma (Dharma): the Buddha's teachings and the universal law of truth; Dependent arising (paticcasamuppada): everything arises dependent on causes and conditions; The Three Marks of Existence: anicca (impermanence), anatta (no fixed self), dukkha (suffering); The Four Noble Truths: suffering exists, suffering has a cause (tanha, craving), suffering can end, the Eightfold Path leads to the end of suffering; The Three Poisons: greed, hatred and ignorance, and their role in causing suffering; Theravada Buddhism: the Five Aggregates (skandhas) and the goal of becoming an Arhat; Mahayana Buddhism: the concept of sunyata (emptiness), Buddha-nature, and the Bodhisattva ideal; Pure Land Buddhism: Amitabha Buddha and Sukhavati (the Pure Land); The difference between an Arhat and a Bodhisattva; Karma, samsara (the cycle of rebirth) and Nirvana as the ultimate goal","https://www.aqa.org.uk/subjects/religious-studies/gcse/religious-studies-a-8062/assessment-resources","AQA GCSE Religious Studies A 8062 specification: https://www.aqa.org.uk/subjects/religious-studies/gcse/religious-studies-a-8062/specification | BBC Bitesize GCSE Religious Studies: https://www.bbc.co.uk/bitesize/subjects/zb48q6f | AQA Religious Studies A subject page: https://www.aqa.org.uk/subjects/religious-studies/gcse/religious-studies-a-8062 | Seneca Learning free AQA Religious Studies course: https://senecalearning.com/","12","5","VERIFIED from the King Edward VI Five Ways published examination boards list, which names AQA for RS. The KEFW Curriculum Intent documents confirm AQA Religious Studies A: two religions (Christianity and Buddhism) for Paper 1 and four of the six thematic studies for Paper 2."
"Religious Studies","AQA","yes","8062","Single tier","Paper 1 The study of religions: beliefs, teachings and practices (Christianity and Buddhism), 1h 45m, 96 marks, 50 percent. Paper 2A Thematic studies excluding textual studies, four themes, 1h 45m, 96 marks, 50 percent. Every question is a five-part question worth 24 marks with parts worth 1, 2, 4, 5 and 12 marks.","Buddhism Practices","Places of worship: the vihara (monastery), the gompa, the stupa and the home shrine; Puja: devotional worship including chanting, offerings and use of a Buddha rupa; Meditation: samatha (calming) meditation and mindfulness of breathing; Vipassana (insight) meditation and its aim of seeing reality clearly; Other meditative practices: mantra recitation using a mala, visualisation, and Zen practices such as zazen; The use of mandalas and thangkas as aids to meditation and visualisation; Festivals: Wesak, celebrating the Buddha's birth, enlightenment and death (parinirvana); Parinirvana Day, remembering the Buddha's death and entry into final Nirvana; Death rituals in Buddhism and the diversity of practice across different Buddhist countries and traditions; Metta (loving-kindness) and karuna (compassion) as central Buddhist virtues; The Four Sublime States (Brahmaviharas): loving-kindness, compassion, sympathetic joy, and equanimity; The Five Moral Precepts and how they guide everyday Buddhist ethical behaviour; The Six Perfections (paramitas) in Mahayana Buddhism, followed by the Bodhisattva; Skilful and unskilful actions, and how karma relates to Buddhist ethical practice","https://www.aqa.org.uk/subjects/religious-studies/gcse/religious-studies-a-8062/assessment-resources","AQA GCSE Religious Studies A 8062 specification: https://www.aqa.org.uk/subjects/religious-studies/gcse/religious-studies-a-8062/specification | BBC Bitesize GCSE Religious Studies: https://www.bbc.co.uk/bitesize/subjects/zb48q6f | AQA Religious Studies A subject page: https://www.aqa.org.uk/subjects/religious-studies/gcse/religious-studies-a-8062 | Seneca Learning free AQA Religious Studies course: https://senecalearning.com/","12","5","VERIFIED from the King Edward VI Five Ways published examination boards list, which names AQA for RS. The KEFW Curriculum Intent documents confirm AQA Religious Studies A: two religions (Christianity and Buddhism) for Paper 1 and four of the six thematic studies for Paper 2."
"Religious Studies","AQA","yes","8062","Single tier","Paper 1 The study of religions: beliefs, teachings and practices (Christianity and Buddhism), 1h 45m, 96 marks, 50 percent. Paper 2A Thematic studies excluding textual studies, four themes, 1h 45m, 96 marks, 50 percent. Every question is a five-part question worth 24 marks with parts worth 1, 2, 4, 5 and 12 marks.","Theme B: Religion and Life","Christian and Buddhist beliefs about the origins of the universe: the Big Bang theory and the Genesis creation story; Literalist and liberal Christian interpretations of Genesis, and their relationship to scientific explanations; The origins of human life: evolution, and Christian and Buddhist responses to it; The value of the world: stewardship and dominion in Christianity, and Buddhist teachings about interdependence; Use and abuse of the environment: pollution, deforestation, and sustainable development; Non-renewable and renewable resources, and religious teachings about responsible use of resources; Use and abuse of animals: animal experimentation, vegetarianism and veganism from Christian and Buddhist perspectives; The sanctity of life versus quality of life, and how these ideas shape religious ethics; Abortion: religious arguments for and against, and the legal situation in Great Britain; Euthanasia: religious arguments for and against, and the legal situation in Great Britain; Christian and Buddhist beliefs about life after death, judgement, heaven, hell, and rebirth; Contrasting beliefs in contemporary British society about euthanasia and assisted dying","https://www.aqa.org.uk/subjects/religious-studies/gcse/religious-studies-a-8062/assessment-resources","AQA GCSE Religious Studies A 8062 specification: https://www.aqa.org.uk/subjects/religious-studies/gcse/religious-studies-a-8062/specification | BBC Bitesize GCSE Religious Studies: https://www.bbc.co.uk/bitesize/subjects/zb48q6f | AQA Religious Studies A subject page: https://www.aqa.org.uk/subjects/religious-studies/gcse/religious-studies-a-8062 | Seneca Learning free AQA Religious Studies course: https://senecalearning.com/","12","5","VERIFIED from the King Edward VI Five Ways published examination boards list, which names AQA for RS. The KEFW Curriculum Intent documents confirm AQA Religious Studies A: two religions (Christianity and Buddhism) for Paper 1 and four of the six thematic studies for Paper 2."
"Religious Studies","AQA","yes","8062","Single tier","Paper 1 The study of religions: beliefs, teachings and practices (Christianity and Buddhism), 1h 45m, 96 marks, 50 percent. Paper 2A Thematic studies excluding textual studies, four themes, 1h 45m, 96 marks, 50 percent. Every question is a five-part question worth 24 marks with parts worth 1, 2, 4, 5 and 12 marks.","Theme D: Religion, Peace and Conflict","Religious and non-religious meanings of peace, justice, forgiveness and reconciliation; Reasons for war: greed, self-defence, retaliation, and religious or ethnic conflict; Just War theory: the criteria used to judge whether a war is morally justified; Holy war: the concept of a war believed to be commanded or blessed by God; Pacifism: religious reasons for rejecting all violence and war; Christian and Buddhist attitudes to violence, terrorism, and religious responses to victims of war; Weapons of mass destruction: nuclear, chemical and biological weapons, and religious concerns about them; Religious responses to 21st century conflict, including reasons why religion can be a cause of conflict; Ways religious believers and organisations help victims of war; The role of religion in reconciliation after conflict, including Coventry Cathedral as an example; Christian teachings on peace and turning the other cheek; Buddhist teachings on non-violence (ahimsa) and the First Precept","https://www.aqa.org.uk/subjects/religious-studies/gcse/religious-studies-a-8062/assessment-resources","AQA GCSE Religious Studies A 8062 specification: https://www.aqa.org.uk/subjects/religious-studies/gcse/religious-studies-a-8062/specification | BBC Bitesize GCSE Religious Studies: https://www.bbc.co.uk/bitesize/subjects/zb48q6f | AQA Religious Studies A subject page: https://www.aqa.org.uk/subjects/religious-studies/gcse/religious-studies-a-8062 | Seneca Learning free AQA Religious Studies course: https://senecalearning.com/","12","5","VERIFIED from the King Edward VI Five Ways published examination boards list, which names AQA for RS. The KEFW Curriculum Intent documents confirm AQA Religious Studies A: two religions (Christianity and Buddhism) for Paper 1 and four of the six thematic studies for Paper 2."
"Religious Studies","AQA","yes","8062","Single tier","Paper 1 The study of religions: beliefs, teachings and practices (Christianity and Buddhism), 1h 45m, 96 marks, 50 percent. Paper 2A Thematic studies excluding textual studies, four themes, 1h 45m, 96 marks, 50 percent. Every question is a five-part question worth 24 marks with parts worth 1, 2, 4, 5 and 12 marks.","Theme E: Religion, Crime and Punishment","Religious views on the causes of crime: poverty, mental illness, addiction, greed, hate, upbringing; Religious attitudes towards lawbreakers and different views on how criminals should be treated; The aims of punishment: retribution, deterrence, reformation, and protection of the public; Types of punishment: prison sentences, corporal punishment, and community service; Christian and Buddhist teachings on forgiveness and why forgiveness is considered important; The death penalty: religious arguments for and against, and its legal status in the UK; The concept of free will and its relevance to moral responsibility for crime; The sanctity of life as an argument used both for and against the death penalty; Case studies of forgiveness, such as Gee Walker and the murder of Anthony Walker; Buddhist teachings on karma and how they relate to crime, punishment and moral responsibility; Contrasting religious views on whether punishment should focus on retribution or reformation","https://www.aqa.org.uk/subjects/religious-studies/gcse/religious-studies-a-8062/assessment-resources","AQA GCSE Religious Studies A 8062 specification: https://www.aqa.org.uk/subjects/religious-studies/gcse/religious-studies-a-8062/specification | BBC Bitesize GCSE Religious Studies: https://www.bbc.co.uk/bitesize/subjects/zb48q6f | AQA Religious Studies A subject page: https://www.aqa.org.uk/subjects/religious-studies/gcse/religious-studies-a-8062 | Seneca Learning free AQA Religious Studies course: https://senecalearning.com/","11","5","VERIFIED from the King Edward VI Five Ways published examination boards list, which names AQA for RS. The KEFW Curriculum Intent documents confirm AQA Religious Studies A: two religions (Christianity and Buddhism) for Paper 1 and four of the six thematic studies for Paper 2."
"Religious Studies","AQA","yes","8062","Single tier","Paper 1 The study of religions: beliefs, teachings and practices (Christianity and Buddhism), 1h 45m, 96 marks, 50 percent. Paper 2A Thematic studies excluding textual studies, four themes, 1h 45m, 96 marks, 50 percent. Every question is a five-part question worth 24 marks with parts worth 1, 2, 4, 5 and 12 marks.","Theme F: Religion, Human Rights and Social Justice","The concept of human rights, equality and religious freedom; Prejudice, discrimination, and the difference between the two; Positive discrimination and arguments for and against its use; Racial prejudice and religious teachings against racism; Religious attitudes towards the status and treatment of women; Religious attitudes towards homosexuality, including divergent views within Christianity; Freedom of religious expression and religious persecution around the world; Christian and Buddhist teachings about wealth: its dangers and its responsible use; Tithing and other religious teachings about giving money to those in need; Poverty: causes of poverty in the UK compared with less economically developed countries; Exploitation of the poor, including human trafficking; The difference between emergency aid and long-term development aid, and examples of each","https://www.aqa.org.uk/subjects/religious-studies/gcse/religious-studies-a-8062/assessment-resources","AQA GCSE Religious Studies A 8062 specification: https://www.aqa.org.uk/subjects/religious-studies/gcse/religious-studies-a-8062/specification | BBC Bitesize GCSE Religious Studies: https://www.bbc.co.uk/bitesize/subjects/zb48q6f | AQA Religious Studies A subject page: https://www.aqa.org.uk/subjects/religious-studies/gcse/religious-studies-a-8062 | Seneca Learning free AQA Religious Studies course: https://senecalearning.com/","12","5","VERIFIED from the King Edward VI Five Ways published examination boards list, which names AQA for RS. The KEFW Curriculum Intent documents confirm AQA Religious Studies A: two religions (Christianity and Buddhism) for Paper 1 and four of the six thematic studies for Paper 2."
"Food Preparation and Nutrition","AQA","yes","8585","Single tier","Paper 1 Food preparation and nutrition, written exam 1h 45m, 100 marks, 50 percent: 20 multiple-choice marks plus 80 marks of structured and extended response. NEA 1 Food investigation, 30 marks, 15 percent, released September. NEA 2 Food preparation assessment, 70 marks, 35 percent, released November, final practical of no more than 3 hours.","Food, Nutrition and Health: Macronutrients","Protein: sources, function of growth and repair, amino acids and essential amino acids; High biological value proteins versus low biological value proteins and protein complementation; Effects of protein deficiency including kwashiorkor and effects of excess protein intake; Fats and oils: sources, function of energy, insulation and protection of organs, and essential fatty acids; Saturated fatty acids versus unsaturated fatty acids, and visible versus invisible fats; Effects of excess saturated fat intake on heart health and effects of fat deficiency; Carbohydrates: sugars, starches and dietary fibre, and their main sources; Monosaccharides and disaccharides versus polysaccharides, and simple versus complex carbohydrates; Function of carbohydrates as an energy source and the role of fibre in digestive health; Effects of excess sugar intake including tooth decay, obesity and type 2 diabetes; Energy needs of the body and how energy requirements vary with age, gender and activity level; Balancing macronutrient intake across a healthy varied diet using the Eatwell Guide; How cooking methods affect the nutritional value of macronutrients; Diet-related health conditions linked to macronutrient imbalance: obesity, coronary heart disease, type 2 diabetes","https://www.aqa.org.uk/subjects/food/gcse/food-preparation-and-nutrition-8585/assessment-resources","AQA GCSE Food Preparation and Nutrition 8585 specification: https://www.aqa.org.uk/subjects/food/gcse/food-preparation-and-nutrition-8585/specification | Food a Fact of Life, free 14 to 16 resources: https://www.foodafactoflife.org.uk/14-16-years/ | AQA Food Preparation and Nutrition subject page: https://www.aqa.org.uk/subjects/food/gcse/food-preparation-and-nutrition-8585 | NHS Eatwell Guide: https://www.nhs.uk/live-well/eat-well/food-guidelines-and-food-labels/the-eatwell-guide/","12","5","VERIFIED from the King Edward VI Five Ways published examination boards list, which names AQA for Food Technology. The KEFW Curriculum Intent documents name AQA GCSE Food Preparation and Nutrition."
"Food Preparation and Nutrition","AQA","yes","8585","Single tier","Paper 1 Food preparation and nutrition, written exam 1h 45m, 100 marks, 50 percent: 20 multiple-choice marks plus 80 marks of structured and extended response. NEA 1 Food investigation, 30 marks, 15 percent, released September. NEA 2 Food preparation assessment, 70 marks, 35 percent, released November, final practical of no more than 3 hours.","Food, Nutrition and Health: Micronutrients, Water and Dietary Needs","Fat soluble vitamins A, D, E and K: sources, functions, deficiency and excess; Water soluble vitamins B group and C: sources, functions, deficiency and excess; Major minerals calcium, iron, sodium and fluoride: sources, functions, deficiency and excess; The role of water in the body and recommended fluid intake; Dehydration and its effects on the body; Nutritional needs across life stages: infants, toddlers, children, teenagers, adults, older adults; Nutritional needs during pregnancy and while breastfeeding; Nutritional needs for specific dietary groups: vegetarians, vegans, lactose intolerant, coeliac, food allergies; How to carry out a nutritional analysis of a recipe or meal using computer software or reference tables; The Eatwell Guide and the eight government healthy eating guidelines; Diet-related health conditions: obesity, coronary heart disease, type 2 diabetes, iron deficiency anaemia, bone density and osteoporosis, dental health; Making informed food choices to prevent diet-related ill health; Portion sizes and interpreting nutritional information on food labels","https://www.aqa.org.uk/subjects/food/gcse/food-preparation-and-nutrition-8585/assessment-resources","AQA GCSE Food Preparation and Nutrition 8585 specification: https://www.aqa.org.uk/subjects/food/gcse/food-preparation-and-nutrition-8585/specification | Food a Fact of Life, free 14 to 16 resources: https://www.foodafactoflife.org.uk/14-16-years/ | AQA Food Preparation and Nutrition subject page: https://www.aqa.org.uk/subjects/food/gcse/food-preparation-and-nutrition-8585 | NHS Eatwell Guide: https://www.nhs.uk/live-well/eat-well/food-guidelines-and-food-labels/the-eatwell-guide/","12","6","VERIFIED from the King Edward VI Five Ways published examination boards list, which names AQA for Food Technology. The KEFW Curriculum Intent documents name AQA GCSE Food Preparation and Nutrition."
"Food Preparation and Nutrition","AQA","yes","8585","Single tier","Paper 1 Food preparation and nutrition, written exam 1h 45m, 100 marks, 50 percent: 20 multiple-choice marks plus 80 marks of structured and extended response. NEA 1 Food investigation, 30 marks, 15 percent, released September. NEA 2 Food preparation assessment, 70 marks, 35 percent, released November, final practical of no more than 3 hours.","Food Science: Cooking and Heat Transfer","Reasons why food is cooked: to make it safe, palatable, digestible, and to develop flavour, colour and texture; Conduction as heat transfer through direct contact in solids and liquids, e.g. frying pan to food; Convection as heat transfer through the movement of heated liquid or air, e.g. oven baking or boiling; Radiation as heat transfer through electromagnetic waves, e.g. grilling and toasting; How the density, viscosity, moisture content and surface area of a food affect the rate of heat transfer; Selecting an appropriate cooking method for a given ingredient, occasion or nutritional aim; How cooking equipment design affects the efficiency of heat transfer, e.g. materials and shape of pans; Dry heat methods: baking, roasting, grilling, barbecuing; Moist heat methods: boiling, poaching, steaming, stewing, braising; Fat-based methods: shallow frying, deep frying, stir frying; Microwave cooking and how microwaves cause water molecules to vibrate and generate heat; How different cooking methods affect the sensory qualities of food: colour, texture, flavour, aroma","https://www.aqa.org.uk/subjects/food/gcse/food-preparation-and-nutrition-8585/assessment-resources","AQA GCSE Food Preparation and Nutrition 8585 specification: https://www.aqa.org.uk/subjects/food/gcse/food-preparation-and-nutrition-8585/specification | Food a Fact of Life, free 14 to 16 resources: https://www.foodafactoflife.org.uk/14-16-years/ | AQA Food Preparation and Nutrition subject page: https://www.aqa.org.uk/subjects/food/gcse/food-preparation-and-nutrition-8585 | NHS Eatwell Guide: https://www.nhs.uk/live-well/eat-well/food-guidelines-and-food-labels/the-eatwell-guide/","10","5","VERIFIED from the King Edward VI Five Ways published examination boards list, which names AQA for Food Technology. The KEFW Curriculum Intent documents name AQA GCSE Food Preparation and Nutrition."
"Food Preparation and Nutrition","AQA","yes","8585","Single tier","Paper 1 Food preparation and nutrition, written exam 1h 45m, 100 marks, 50 percent: 20 multiple-choice marks plus 80 marks of structured and extended response. NEA 1 Food investigation, 30 marks, 15 percent, released September. NEA 2 Food preparation assessment, 70 marks, 35 percent, released November, final practical of no more than 3 hours.","Food Science: Functional and Chemical Properties","Denaturation of protein caused by heat, acid or mechanical action, changing protein structure permanently; Coagulation of protein on heating, e.g. egg white turning from liquid to solid; Foam formation from whisked egg white trapping air, and its use in meringue and mousse; Gelatinisation of starch when heated with liquid, thickening sauces such as a roux; Dextrinisation of starch by dry heat, browning the surface of bread and toast; Caramelisation of sugar by heat, changing colour, flavour and texture; Emulsification of fat and water using an emulsifier, e.g. egg yolk lecithin in mayonnaise; Plasticity of fats, allowing them to be creamed or spread, e.g. butter in creaming method; Shortening: fat coating flour proteins to stop gluten forming long strands, giving a crumbly texture; Aeration by whisking, creaming, folding, rubbing in and using raising agents; Raising agents: biological (yeast), chemical (baking powder, bicarbonate of soda), and mechanical/physical (whisking, steam, sieving); How pH affects the activation of raising agents and protein structure; The role of gluten formation in bread making and the effect of kneading","https://www.aqa.org.uk/subjects/food/gcse/food-preparation-and-nutrition-8585/assessment-resources","AQA GCSE Food Preparation and Nutrition 8585 specification: https://www.aqa.org.uk/subjects/food/gcse/food-preparation-and-nutrition-8585/specification | Food a Fact of Life, free 14 to 16 resources: https://www.foodafactoflife.org.uk/14-16-years/ | AQA Food Preparation and Nutrition subject page: https://www.aqa.org.uk/subjects/food/gcse/food-preparation-and-nutrition-8585 | NHS Eatwell Guide: https://www.nhs.uk/live-well/eat-well/food-guidelines-and-food-labels/the-eatwell-guide/","11","6","VERIFIED from the King Edward VI Five Ways published examination boards list, which names AQA for Food Technology. The KEFW Curriculum Intent documents name AQA GCSE Food Preparation and Nutrition."
"Food Preparation and Nutrition","AQA","yes","8585","Single tier","Paper 1 Food preparation and nutrition, written exam 1h 45m, 100 marks, 50 percent: 20 multiple-choice marks plus 80 marks of structured and extended response. NEA 1 Food investigation, 30 marks, 15 percent, released September. NEA 2 Food preparation assessment, 70 marks, 35 percent, released November, final practical of no more than 3 hours.","Food Safety: Spoilage, Contamination and Preparation","Micro-organisms in food: bacteria, yeasts and moulds, and the conditions they need to grow; Beneficial uses of micro-organisms in food production, e.g. yeast in bread, bacteria in yoghurt and cheese; Food spoilage and signs that food has gone off: smell, appearance, texture, taste; Bacterial contamination: cross-contamination, high-risk foods and the temperature danger zone; The main food poisoning bacteria: Salmonella, E. coli, Campylobacter, Listeria, Staphylococcus aureus, and their common sources and symptoms; Physical, chemical and biological contamination of food and how to prevent each; Food safety principles when buying food: checking dates, packaging integrity and storage instructions; Food safety principles when storing food: correct fridge and freezer temperatures, use-by and best-before dates, storage order to avoid cross-contamination; Food safety principles when preparing, cooking and serving food: personal hygiene, separate equipment for raw and cooked food, thorough cooking and reheating; Correct core cooking and reheating temperatures and probe use; Date marking on food: use-by dates for safety and best-before dates for quality","https://www.aqa.org.uk/subjects/food/gcse/food-preparation-and-nutrition-8585/assessment-resources","AQA GCSE Food Preparation and Nutrition 8585 specification: https://www.aqa.org.uk/subjects/food/gcse/food-preparation-and-nutrition-8585/specification | Food a Fact of Life, free 14 to 16 resources: https://www.foodafactoflife.org.uk/14-16-years/ | AQA Food Preparation and Nutrition subject page: https://www.aqa.org.uk/subjects/food/gcse/food-preparation-and-nutrition-8585 | NHS Eatwell Guide: https://www.nhs.uk/live-well/eat-well/food-guidelines-and-food-labels/the-eatwell-guide/","11","5","VERIFIED from the King Edward VI Five Ways published examination boards list, which names AQA for Food Technology. The KEFW Curriculum Intent documents name AQA GCSE Food Preparation and Nutrition."
"Food Preparation and Nutrition","AQA","yes","8585","Single tier","Paper 1 Food preparation and nutrition, written exam 1h 45m, 100 marks, 50 percent: 20 multiple-choice marks plus 80 marks of structured and extended response. NEA 1 Food investigation, 30 marks, 15 percent, released September. NEA 2 Food preparation assessment, 70 marks, 35 percent, released November, final practical of no more than 3 hours.","Food Choice: Factors, Labelling, Sensory Testing and Cuisines","Factors influencing food choice: cost, availability, seasonality, time, skill and equipment; Food choice related to religion, culture, ethical and moral beliefs, e.g. halal, kosher, vegetarianism, veganism; Food choice related to medical conditions and allergies, e.g. coeliac disease, nut allergy, lactose intolerance; British traditional food products, dishes and regional variations; Studying two international cuisines and their characteristic ingredients, preparation methods and presentation; Definition of cuisine as a style characteristic of a country or region using distinctive ingredients and methods; Sensory evaluation: the senses used in tasting food - sight, smell, taste, touch and sound; Sensory testing methods: preference tests, rating tests, ranking tests and triangle tests; Setting up a fair sensory test: controlling variables, using trained or untrained tasters, coding samples; Food labelling: mandatory information required by law, e.g. name, ingredients list, allergens, weight, best-before/use-by; Front-of-pack traffic light labelling and its use in comparing nutritional content; Marketing and advertising influences on food choice, including packaging design and health claims; Costing recipes and making modifications to recipes for cost, dietary need or availability","https://www.aqa.org.uk/subjects/food/gcse/food-preparation-and-nutrition-8585/assessment-resources","AQA GCSE Food Preparation and Nutrition 8585 specification: https://www.aqa.org.uk/subjects/food/gcse/food-preparation-and-nutrition-8585/specification | Food a Fact of Life, free 14 to 16 resources: https://www.foodafactoflife.org.uk/14-16-years/ | AQA Food Preparation and Nutrition subject page: https://www.aqa.org.uk/subjects/food/gcse/food-preparation-and-nutrition-8585 | NHS Eatwell Guide: https://www.nhs.uk/live-well/eat-well/food-guidelines-and-food-labels/the-eatwell-guide/","11","5","VERIFIED from the King Edward VI Five Ways published examination boards list, which names AQA for Food Technology. The KEFW Curriculum Intent documents name AQA GCSE Food Preparation and Nutrition."
"Food Preparation and Nutrition","AQA","yes","8585","Single tier","Paper 1 Food preparation and nutrition, written exam 1h 45m, 100 marks, 50 percent: 20 multiple-choice marks plus 80 marks of structured and extended response. NEA 1 Food investigation, 30 marks, 15 percent, released September. NEA 2 Food preparation assessment, 70 marks, 35 percent, released November, final practical of no more than 3 hours.","Food Provenance: Growing, Rearing, Processing, Sustainability and Security","Where food comes from: grown ingredients (fruit, vegetables, cereals), reared ingredients (meat, poultry), caught ingredients (fish); Primary processing: converting raw ingredients into edible food or ingredients for further use, e.g. wheat milled into flour; Secondary processing: converting primary processed foods into new products, e.g. flour made into bread, milk made into cheese; How processing can affect the nutritional and sensory properties of ingredients, e.g. vitamin loss on heating; Technological developments in food production: fortification and modification of foods for health benefits; Examples of fortified foods, e.g. white flour fortified with calcium and iron, breakfast cereals fortified with vitamins; Genetic modification of crops and arguments for and against GM food; Environmental issues associated with food: food miles, packaging waste, carbon footprint; Sustainability of food production and methods to reduce environmental impact, e.g. organic farming, local sourcing, reducing food waste; Food security: the challenge of providing a growing global population with a safe, nutritious, affordable and sustainable food supply; Factors threatening food security: climate change, drought, flooding, population growth, conflict; Reducing food waste at home and in the food industry","https://www.aqa.org.uk/subjects/food/gcse/food-preparation-and-nutrition-8585/assessment-resources","AQA GCSE Food Preparation and Nutrition 8585 specification: https://www.aqa.org.uk/subjects/food/gcse/food-preparation-and-nutrition-8585/specification | Food a Fact of Life, free 14 to 16 resources: https://www.foodafactoflife.org.uk/14-16-years/ | AQA Food Preparation and Nutrition subject page: https://www.aqa.org.uk/subjects/food/gcse/food-preparation-and-nutrition-8585 | NHS Eatwell Guide: https://www.nhs.uk/live-well/eat-well/food-guidelines-and-food-labels/the-eatwell-guide/","10","5","VERIFIED from the King Edward VI Five Ways published examination boards list, which names AQA for Food Technology. The KEFW Curriculum Intent documents name AQA GCSE Food Preparation and Nutrition."
"Food Preparation and Nutrition","AQA","yes","8585","Single tier","Paper 1 Food preparation and nutrition, written exam 1h 45m, 100 marks, 50 percent: 20 multiple-choice marks plus 80 marks of structured and extended response. NEA 1 Food investigation, 30 marks, 15 percent, released September. NEA 2 Food preparation assessment, 70 marks, 35 percent, released November, final practical of no more than 3 hours.","NEA 1 and NEA 2 Preparation","NEA 1 Food investigation is released in September of Year 11 and is worth 30 marks, 15 percent of the GCSE; NEA 1 assesses AO2 (apply knowledge), AO3 (plan, prepare, cook and present) and AO4 (analyse and evaluate); NEA 1 requires research into the working characteristics and functional and chemical properties of a chosen ingredient or process; NEA 1 requires a hypothesis, practical investigations, and analysis and evaluation of results with scientific explanation; NEA 2 Food preparation assessment is released in November of Year 11 and is worth 70 marks, 35 percent of the GCSE; NEA 2 requires planning, preparing, cooking and presenting a final menu of three dishes for a specific context; NEA 2 final practical must be completed in a single session of no more than 3 hours; NEA 2 requires demonstration of a range of technical skills across the three dishes chosen; Students must work independently, making their own judgements about cooking methods and adapting recipes to improve results; Students must apply food safety principles throughout planning and the final 3-hour practical; Time planning for the NEA 2 practical, including a sequenced production plan referencing dovetailing of tasks; Costing, nutritional analysis and sensory evaluation of the final dishes as part of NEA 2 analysis and evaluation","https://www.aqa.org.uk/subjects/food/gcse/food-preparation-and-nutrition-8585/assessment-resources","AQA GCSE Food Preparation and Nutrition 8585 specification: https://www.aqa.org.uk/subjects/food/gcse/food-preparation-and-nutrition-8585/specification | Food a Fact of Life, free 14 to 16 resources: https://www.foodafactoflife.org.uk/14-16-years/ | AQA Food Preparation and Nutrition subject page: https://www.aqa.org.uk/subjects/food/gcse/food-preparation-and-nutrition-8585 | NHS Eatwell Guide: https://www.nhs.uk/live-well/eat-well/food-guidelines-and-food-labels/the-eatwell-guide/","10","5","VERIFIED from the King Edward VI Five Ways published examination boards list, which names AQA for Food Technology. The KEFW Curriculum Intent documents name AQA GCSE Food Preparation and Nutrition."
